Cites,Authors,Title,Year,Source,Publisher,ArticleURL,CitesURL,GSRank,QueryDate,Type,DOI,ISSN,CitationURL,Volume,Issue,StartPage,EndPage,ECC,CitesPerYear,CitesPerAuthor,AuthorCount,Age,Abstract,FullTextURL,RelatedURL
19,"A Yeboah-Ofori, A Jafar, T Abisogun…","Data security and governance in multi-cloud computing environment",2024,"… on Future Internet of …","ieeexplore.ieee.org","https://ieeexplore.ieee.org/abstract/document/10743006/","https://scholar.google.com/scholar?cites=13739533269160506222&as_sdt=2005&sciodt=2007&hl=en",1,"2026-05-16 00:25:03","","","",,,,,,19,9.50,5,4,2,"… Its integration with AWS security services and compliance tools fortifies security measures, … a robust security posture while efficiently managing multi-cloud Kubernetes workloads of the …","https://repository.uwl.ac.uk/id/eprint/12332/1/Data%20Security%20and%20Governance%20in%20Multi-Cloud%20Computing%20Environment%20-%20Rep.pdf","https://scholar.google.com/scholar?q=related:bjP5j7agrL4J:scholar.google.com/&scioq=%22multi+cloud+kubernetes%22+%22security%22%7C%22supply+chain%22&hl=en&as_sdt=2007&as_ylo=2020&as_yhi=2025"
13,"TV Kumar","Scalable Kubernetes Workload Orchestration for Multi-Cloud Environments",2025,"","philarchive.org","https://philarchive.org/rec/VARSKW","https://scholar.google.com/scholar?cites=3354674855151812682&as_sdt=2005&sciodt=2007&hl=en",2,"2026-05-16 00:25:03","","","",,,,,,13,13.00,13,1,1,"… , affirming the feasibility and impact of this orchestrated, multicloud Kubernetes approach. … Security and Governance: Maintaining consistent security policies and compliance frameworks …","https://philpapers.org/archive/VARSKW.pdf","https://scholar.google.com/scholar?q=related:SkBCxgEzji4J:scholar.google.com/&scioq=%22multi+cloud+kubernetes%22+%22security%22%7C%22supply+chain%22&hl=en&as_sdt=2007&as_ylo=2020&as_yhi=2025"
3,"S Thummarakoti","Advanced Container Orchestration Strategies for Multi-Cloud Environments: Enhancing Performance, Scalability, and Resilience",2025,"Scalability, and Resilience (February 28, 2025)","papers.ssrn.com","https://papers.ssrn.com/sol3/papers.cfm?abstract_id=5238454","https://scholar.google.com/scholar?cites=2741235836385039222&as_sdt=2005&sciodt=2007&hl=en",3,"2026-05-16 00:25:03","","","",,,,,,3,3.00,3,1,1,"… [1] Additionally, it addresses key challenges including network latency, data synchronization, and security, and presents best practices for maintaining high availability and robust …","https://papers.ssrn.com/sol3/Delivery.cfm?abstractid=5238454","https://scholar.google.com/scholar?q=related:dhNNMXjTCiYJ:scholar.google.com/&scioq=%22multi+cloud+kubernetes%22+%22security%22%7C%22supply+chain%22&hl=en&as_sdt=2007&as_ylo=2020&as_yhi=2025"
0,"VU Deshpande","Management of Self-Healing Systems for Multi-Cloud Deployments on Kubernetes",2025,"","norma.ncirl.ie","https://norma.ncirl.ie/8093/","",4,"2026-05-16 00:25:03","","","",,,,,,0,0.00,0,1,1,"… a deployable framework to enhance performance, security, and resilience in multi-cloud … are ideal for a self-healing, multi-cloud Kubernetes due to their multiple advantages such as …","https://norma.ncirl.ie/8093/1/vaishnaviudayraodeshpande.pdf","https://scholar.google.com/scholar?q=related:UulNdMxJn8UJ:scholar.google.com/&scioq=%22multi+cloud+kubernetes%22+%22security%22%7C%22supply+chain%22&hl=en&as_sdt=2007&as_ylo=2020&as_yhi=2025"
0,"C Luca","Security and Compliance in Multi-Cloud Kubernetes Orchestration",,"researchgate.net","","https://www.researchgate.net/profile/Charlie-Luca/publication/388527553_Security_and_Compliance_in_Multi-Cloud_Kubernetes_Orchestration/links/679c0605207c0c20fa6adcd4/Security-and-Compliance-in-Multi-Cloud-Kubernetes-Orchestration.pdf","",5,"2026-05-16 00:25:03","PDF","","",,,,,,0,0.00,0,1,,"… Addressing these connectivity issues is crucial for maintaining the reliability, performance, and security of multi-cloud Kubernetes clusters, making network management an area of …","https://www.researchgate.net/profile/Charlie-Luca/publication/388527553_Security_and_Compliance_in_Multi-Cloud_Kubernetes_Orchestration/links/679c0605207c0c20fa6adcd4/Security-and-Compliance-in-Multi-Cloud-Kubernetes-Orchestration.pdf","https://scholar.google.com/scholar?q=related:VTJRMqlbYtUJ:scholar.google.com/&scioq=%22multi+cloud+kubernetes%22+%22security%22%7C%22supply+chain%22&hl=en&as_sdt=2007&as_ylo=2020&as_yhi=2025"
4,"M Blomqvist, L Koivunen, T Mäkilä","Secrets Management in a Multi-Cloud Kubernetes Environment",2021,"","utupub.fi","https://www.utupub.fi/bitstream/handle/10024/151776/Secrets_Management_in_a_Multi_Cloud_Kubernetes_Environment_pdf-a.pdf?sequence=1","https://scholar.google.com/scholar?cites=4346565321045221775&as_sdt=2005&sciodt=2007&hl=en",6,"2026-05-16 00:25:03","PDF","","",,,,,,4,0.80,1,3,5,"… methods by both improving security and automating tasks. … In technical terms, integrating DevOps practices into security … A centralized solution can not only improve the security level …","https://www.utupub.fi/bitstream/handle/10024/151776/Secrets_Management_in_a_Multi_Cloud_Kubernetes_Environment_pdf-a.pdf?sequence=1","https://scholar.google.com/scholar?q=related:j6HuYSEaUjwJ:scholar.google.com/&scioq=%22multi+cloud+kubernetes%22+%22security%22%7C%22supply+chain%22&hl=en&as_sdt=2007&as_ylo=2020&as_yhi=2025"
1,"F Cicchiello","Analysis, modeling and implementation of cost models for a multi-cloud Kubernetes context",2021,"","webthesis.biblio.polito.it","https://webthesis.biblio.polito.it/21146/","https://scholar.google.com/scholar?cites=160057326518576142&as_sdt=2005&sciodt=2007&hl=en",7,"2026-05-16 00:25:03","","","",,,,,,1,0.20,1,1,5,"… Virtualization allows applications to be isolated between VMs providing at the same time an higher level of security, since one application cannot access resources and data outside of …","https://webthesis.biblio.polito.it/secure/21146/1/tesi.pdf","https://scholar.google.com/scholar?q=related:DqTWWkqjOAIJ:scholar.google.com/&scioq=%22multi+cloud+kubernetes%22+%22security%22%7C%22supply+chain%22&hl=en&as_sdt=2007&as_ylo=2020&as_yhi=2025"
1,"C Luca","Architecture of Multi-Cloud Kubernetes Environments",2024,"Preprint, Mar","researchgate.net","https://www.researchgate.net/profile/Charlie-Luca/publication/388527469_Architecture_of_Multi-Cloud_Kubernetes_Environments/links/679c05838311ce680c459391/Architecture-of-Multi-Cloud-Kubernetes-Environments.pdf","https://scholar.google.com/scholar?cites=5447211071463936850&as_sdt=2005&sciodt=2007&hl=en",8,"2026-05-16 00:25:03","PDF","","",,,,,,1,0.50,1,1,2,"… A Multi-Cloud Kubernetes architecture allows organizations to avoid vendor lock-in, optimize costs, and … management with features like cluster federation, monitoring, and security. …","https://www.researchgate.net/profile/Charlie-Luca/publication/388527469_Architecture_of_Multi-Cloud_Kubernetes_Environments/links/679c05838311ce680c459391/Architecture-of-Multi-Cloud-Kubernetes-Environments.pdf","https://scholar.google.com/scholar?q=related:UtMu45thmEsJ:scholar.google.com/&scioq=%22multi+cloud+kubernetes%22+%22security%22%7C%22supply+chain%22&hl=en&as_sdt=2007&as_ylo=2020&as_yhi=2025"
6,"A Gulli","Google Anthos in Action: Manage hybrid and multi-cloud Kubernetes clusters",2023,"","books.google.com","https://books.google.com/books?hl=en&lr=&id=REDHEAAAQBAJ&oi=fnd&pg=PA1&dq=%22multi+cloud+kubernetes%22+%22security%22%7C%22supply+chain%22&ots=vRu79t3_RL&sig=XVP6FKm88jMy6rL7VhsrVd6lgjQ","https://scholar.google.com/scholar?cites=16506339755162350330&as_sdt=2005&sciodt=2007&hl=en",9,"2026-05-16 00:25:03","BOOK","","",,,,,,6,2.00,6,1,3,"… faster, and protecting applications and the software supply chain. Customers wanted to better … They wanted to understand how to guarantee and increase security in each stage of the …","","https://scholar.google.com/scholar?q=related:-jJckI1MEuUJ:scholar.google.com/&scioq=%22multi+cloud+kubernetes%22+%22security%22%7C%22supply+chain%22&hl=en&as_sdt=2007&as_ylo=2020&as_yhi=2025"
9,"R Kumar","Multi-Cloud and hybrid cloud strategies–balancing flexibility, cost, and security",2021,"International Journal for Multidisciplinary Research","researchgate.net","https://www.researchgate.net/profile/Ritesh-Kumar-165/publication/390015031_Multi-Cloud_and_Hybrid_Cloud_Strategies_-_Balancing_Flexibility_Cost_and_Security/links/681fc0e5d1054b0207ee2751/Multi-Cloud-and-Hybrid-Cloud-Strategies-Balancing-Flexibility-Cost-and-Security.pdf","https://scholar.google.com/scholar?cites=16748042994822795793&as_sdt=2005&sciodt=2007&hl=en",10,"2026-05-16 00:25:03","PDF","","",,,,,,9,1.80,9,1,5,"… to enhance performance, security, and operational resilience … cloud networking models, and security challenges, while also … orchestration, and automated security policy enforcement in …","https://www.researchgate.net/profile/Ritesh-Kumar-165/publication/390015031_Multi-Cloud_and_Hybrid_Cloud_Strategies_-_Balancing_Flexibility_Cost_and_Security/links/681fc0e5d1054b0207ee2751/Multi-Cloud-and-Hybrid-Cloud-Strategies-Balancing-Flexibility-Cost-and-Security.pdf","https://scholar.google.com/scholar?q=related:EdJhbV4AbegJ:scholar.google.com/&scioq=%22multi+cloud+kubernetes%22+%22security%22%7C%22supply+chain%22&hl=en&as_sdt=2007&as_ylo=2020&as_yhi=2025"
12,"FYS Malhotra","A multi-cloud orchestration model using Kubernetes for microservices",2020,"","philarchive.org","https://philarchive.org/rec/SHUAMO-4","https://scholar.google.com/scholar?cites=17870309524370869161&as_sdt=2005&sciodt=2007&hl=en",11,"2026-05-16 00:25:03","","","",,,,,,12,2.00,12,1,6,"… We find that a multicloud Kubernetes model can combine the best fea- tures of each provider and, at the same time, avoid their worst pitfalls, to create robust and flexible microservice …","https://philpapers.org/archive/SHUAMO-4.pdf","https://scholar.google.com/scholar?q=related:qctn2tQXAPgJ:scholar.google.com/&scioq=%22multi+cloud+kubernetes%22+%22security%22%7C%22supply+chain%22&hl=en&as_sdt=2007&as_ylo=2020&as_yhi=2025"
3,"V Vangala","Multi-Cloud DevOps Automation: An Empirical Study on IaC, CI/CD, and Kubernetes Orchestration",2025,"Rev Intell Artif Med","researchgate.net","https://www.researchgate.net/profile/Vidyasagar-Vangala/publication/391908928_Multi-Cloud_DevOps_Automation_for_An_Empirical_Study_on_IaC_CICD_and_Kubernetes_Orchestration/links/68b07e57ca495d7698310019/Multi-Cloud-DevOps-Automation-for-An-Empirical-Study-on-IaC-CI-CD-and-Kubernetes-Orchestration.pdf","https://scholar.google.com/scholar?cites=11696380171773095063&as_sdt=2005&sciodt=2007&hl=en",12,"2026-05-16 00:25:03","PDF","","",,,,,,3,3.00,3,1,1,"… It also identifies future DevOps innovation areas in security, … solutions that offer multi-cloud Kubernetes management features… to integrate security into every phase of the CI/CD pipeline. …","https://www.researchgate.net/profile/Vidyasagar-Vangala/publication/391908928_Multi-Cloud_DevOps_Automation_for_An_Empirical_Study_on_IaC_CICD_and_Kubernetes_Orchestration/links/68b07e57ca495d7698310019/Multi-Cloud-DevOps-Automation-for-An-Empirical-Study-on-IaC-CI-CD-and-Kubernetes-Orchestration.pdf","https://scholar.google.com/scholar?q=related:lyx10MvjUaIJ:scholar.google.com/&scioq=%22multi+cloud+kubernetes%22+%22security%22%7C%22supply+chain%22&hl=en&as_sdt=2007&as_ylo=2020&as_yhi=2025"
1,"SA Gokhale","Designing a Robust Multi-Cloud DevOps Strategy for Kubernetes Disaster Recovery: An Open Source Approach",2024,"","norma.ncirl.ie","https://norma.ncirl.ie/7052/","https://scholar.google.com/scholar?cites=3127432483819890730&as_sdt=2005&sciodt=2007&hl=en",13,"2026-05-16 00:25:03","","","",,,,,,1,0.50,1,1,2,"… In the realm of cloud computing, we believe this DevOps-centric approach for multicloud kubernetes disaster recovery using open-source tooling can bring benefits as outlined below: …","https://norma.ncirl.ie/7052/1/shashankarvindgokhale.pdf","https://scholar.google.com/scholar?q=related:KigaMUbfZisJ:scholar.google.com/&scioq=%22multi+cloud+kubernetes%22+%22security%22%7C%22supply+chain%22&hl=en&as_sdt=2007&as_ylo=2020&as_yhi=2025"
3,"R Maxwell","Managing kubernetes workloads in hybrid or multi-cloud data centers",2024,"Azure Arc Systems Management: Governance and …","Springer","https://link.springer.com/chapter/10.1007/978-1-4842-9480-2_6","https://scholar.google.com/scholar?cites=13581673089411729405&as_sdt=2005&sciodt=2007&hl=en",14,"2026-05-16 00:25:03","","10.1007/978-1-4842-9480-2_6","",,,,,,3,1.50,3,1,2,"… of simplifying the management of large multi-cloud Kubernetes installations Footnote 28 and refers to a logical group of clusters as a fleet. If a security action or policy should apply to …","","https://scholar.google.com/scholar?q=related:_UfeTbfLe7wJ:scholar.google.com/&scioq=%22multi+cloud+kubernetes%22+%22security%22%7C%22supply+chain%22&hl=en&as_sdt=2007&as_ylo=2020&as_yhi=2025"
10,"P Bavadiya","A Framework for Resilient Devops Automation in Multi-Cloud KubernetesEcosystems",2021,"Journal of Informatics Education and Research","researchgate.net","https://www.researchgate.net/profile/Pathik-Bavadiya-2/publication/395882849_A_Framework_for_Resilient_Devops_Automation_in_Multi-Cloud_Kubernetes_Ecosystems/links/68d6ad85220a341aa14f5c59/A-Framework-for-Resilient-Devops-Automation-in-Multi-Cloud-Kubernetes-Ecosystems.pdf","https://scholar.google.com/scholar?cites=3638773153390497388&as_sdt=2005&sciodt=2007&hl=en",15,"2026-05-16 00:25:03","PDF","","",,,,,,10,2.00,10,1,5,"… This research proposes a comprehensive DevOps automation framework for multi-cloud Kubernetes settings that focuses on resilience. The methodology addresses significant gaps in …","https://www.researchgate.net/profile/Pathik-Bavadiya-2/publication/395882849_A_Framework_for_Resilient_Devops_Automation_in_Multi-Cloud_Kubernetes_Ecosystems/links/68d6ad85220a341aa14f5c59/A-Framework-for-Resilient-Devops-Automation-in-Multi-Cloud-Kubernetes-Ecosystems.pdf","https://scholar.google.com/scholar?q=related:bI4RaueEfzIJ:scholar.google.com/&scioq=%22multi+cloud+kubernetes%22+%22security%22%7C%22supply+chain%22&hl=en&as_sdt=2007&as_ylo=2020&as_yhi=2025"
0,"D Ruiz García","Autonomous infrastructure management for multi-cloud kubernetes clusters",2024,"","addi.ehu.es","https://addi.ehu.es/handle/10810/67877","",16,"2026-05-16 00:25:03","","","",,,,,,0,0.00,0,1,2,"This project develops an Autonomous Infrastructure Management for Multi-Cloud Kubernetes Clusters, where the focus lies in harnessing Kubernetes' APIs to construct and govern an …","https://addi.ehu.es/bitstream/handle/10810/67877/TFM%20RuizDaniel.pdf?sequence=1&isAllowed=y","https://scholar.google.com/scholar?q=related:Ch8wAWtbQioJ:scholar.google.com/&scioq=%22multi+cloud+kubernetes%22+%22security%22%7C%22supply+chain%22&hl=en&as_sdt=2007&as_ylo=2020&as_yhi=2025"
3,"M Karumudi","Efficient Workload Portability and Optimized Resource Utilization using Containerization in a Multi-Cloud Environment",2024,"2024 5th International Conference on Data …","ieeexplore.ieee.org","https://ieeexplore.ieee.org/abstract/document/10810796/","https://scholar.google.com/scholar?cites=13500295515220524799&as_sdt=2005&sciodt=2007&hl=en",17,"2026-05-16 00:25:03","","","",,,,,,3,1.50,3,1,2,"… used for centralized monitoring of the multi-cloud Kubernetes environment. This provided real-… g) Security and Compliance o Security Policies: Security best practices were enforced …","","https://scholar.google.com/scholar?q=related:_76EUz6vWrsJ:scholar.google.com/&scioq=%22multi+cloud+kubernetes%22+%22security%22%7C%22supply+chain%22&hl=en&as_sdt=2007&as_ylo=2020&as_yhi=2025"
3,"S Gajula","A decade of cloud-native technologies: Multi-cloud strategies, docker, and ci/cd pipelines",2025,"International Journal of Advanced Computer Science …","researchgate.net","https://www.researchgate.net/profile/Sreenivasulu-Gajula-2/publication/394361057_A_Decade_of_Cloud-Native_TechnologiesMulti-_Cloud_Strategies_Docker_and_CICD_Pipelines/links/6893fd3e37ccad613803c30d/A-Decade-of-Cloud-Native-TechnologiesMulti-Cloud-Strategies-Docker-and-CI-CD-Pipelines.pdf","https://scholar.google.com/scholar?cites=7108870193586163094&as_sdt=2005&sciodt=2007&hl=en",18,"2026-05-16 00:25:03","PDF","","",,,,,,3,3.00,3,1,1,"… However, such pipelines also introduce security vulnerabilities that traditional tools and practices have trouble mitigating. Software supply chain attacks, like the injection of malicious …","https://www.researchgate.net/profile/Sreenivasulu-Gajula-2/publication/394361057_A_Decade_of_Cloud-Native_TechnologiesMulti-_Cloud_Strategies_Docker_and_CICD_Pipelines/links/6893fd3e37ccad613803c30d/A-Decade-of-Cloud-Native-TechnologiesMulti-Cloud-Strategies-Docker-and-CI-CD-Pipelines.pdf","https://scholar.google.com/scholar?q=related:ls0Q08bHp2IJ:scholar.google.com/&scioq=%22multi+cloud+kubernetes%22+%22security%22%7C%22supply+chain%22&hl=en&as_sdt=2007&as_ylo=2020&as_yhi=2025"
38,"SS Pandi, P Kumar…","Integrating jenkins for efficient deployment and orchestration across multi-cloud environments",2023,"… Conference on Innovative …","ieeexplore.ieee.org","https://ieeexplore.ieee.org/abstract/document/10465502/","https://scholar.google.com/scholar?cites=5946932358410024214&as_sdt=2005&sciodt=2007&hl=en",19,"2026-05-16 00:25:03","","","",,,,,,38,12.67,13,3,3,"… security and compliance issues in a multi-cloud Kubernetes context.To reduce downtime during failover, expand the architecture to include thorough disaster recovery plans and …","","https://scholar.google.com/scholar?q=related:FjVOxni_h1IJ:scholar.google.com/&scioq=%22multi+cloud+kubernetes%22+%22security%22%7C%22supply+chain%22&hl=en&as_sdt=2007&as_ylo=2020&as_yhi=2025"
21,"N Kandregula","Evaluating performance and scalability of multi-cloud environments: Key metrics and optimization strategies",2022,"World Journal of Advanced Research and …","researchgate.net","https://www.researchgate.net/profile/Narendra-Kandregula-2/publication/391366791_Evaluating_performance_and_scalability_of_multi-cloud_environments_Key_metrics_and_optimization_strategies/links/6813da01bfbe974b23c0e5a8/Evaluating-performance-and-scalability-of-multi-cloud-environments-Key-metrics-and-optimization-strategies.pdf","https://scholar.google.com/scholar?cites=7312278426406899525&as_sdt=2005&sciodt=2007&hl=en",20,"2026-05-16 00:25:03","PDF","","",,,,,,21,5.25,21,1,4,"… security compliance of an organization's cloud experience optimization level, others measure its security … Multi-cloud Kubernetes orchestration platforms, like Anthos (Google Cloud) and …","https://www.researchgate.net/profile/Narendra-Kandregula-2/publication/391366791_Evaluating_performance_and_scalability_of_multi-cloud_environments_Key_metrics_and_optimization_strategies/links/6813da01bfbe974b23c0e5a8/Evaluating-performance-and-scalability-of-multi-cloud-environments-Key-metrics-and-optimization-strategies.pdf","https://scholar.google.com/scholar?q=related:RU-8mHxuemUJ:scholar.google.com/&scioq=%22multi+cloud+kubernetes%22+%22security%22%7C%22supply+chain%22&hl=en&as_sdt=2007&as_ylo=2020&as_yhi=2025"
5,"NS Cherukupalle","Quantum-secure policy automation for multi-cloud governance",2024,"Computer Fraud &Security","researchgate.net","https://www.researchgate.net/profile/Naga-Subrahmanyam-Cherukupalle/publication/392110459_Quantum-Secure_Policy_Automation_for_Multi-Cloud_Governance/links/68355cd38a76251f22e92ad3/Quantum-Secure-Policy-Automation-for-Multi-Cloud-Governance.pdf","https://scholar.google.com/scholar?cites=12271083875545181092&as_sdt=2005&sciodt=2007&hl=en",21,"2026-05-16 00:25:03","PDF","","",,,,,,5,2.50,5,1,2,"… Performance testing on a multi-cloud Kubernetes cluster demonstrates 98% interoperability with existing IAM systems, with a 15% performance overhead from lattice operations—…","https://www.researchgate.net/profile/Naga-Subrahmanyam-Cherukupalle/publication/392110459_Quantum-Secure_Policy_Automation_for_Multi-Cloud_Governance/links/68355cd38a76251f22e92ad3/Quantum-Secure-Policy-Automation-for-Multi-Cloud-Governance.pdf","https://scholar.google.com/scholar?q=related:pOvkEsWlS6oJ:scholar.google.com/&scioq=%22multi+cloud+kubernetes%22+%22security%22%7C%22supply+chain%22&hl=en&as_sdt=2007&as_ylo=2020&as_yhi=2025"
0,"B Singh, MBD Yugandhar, S Bucha…","Securing Multi-Cloud Environments: Best Practices for Firewall Integration and Traffic Routing",2025,"Available at SSRN …","papers.ssrn.com","https://papers.ssrn.com/sol3/papers.cfm?abstract_id=5976214","",22,"2026-05-16 00:25:03","","","",,,,,,0,0.00,0,4,1,"… network efficiency while maintaining robust security standards for multi-… security system for multi-cloud setups. The main objective of this project involves creating AI-powered security …","https://papers.ssrn.com/sol3/Delivery.cfm?abstractid=5976214","https://scholar.google.com/scholar?q=related:25z1QJYvrPsJ:scholar.google.com/&scioq=%22multi+cloud+kubernetes%22+%22security%22%7C%22supply+chain%22&hl=en&as_sdt=2007&as_ylo=2020&as_yhi=2025"
0,"J Morrison, L Hayes, S O'Connell, A Rivera, P Gomez…","Securing Multi-Cloud Kubernetes Worker Nodes with CIS-Aligned Governance Models",2023,"","researchgate.net","https://www.researchgate.net/profile/Mei-Lin-Zhang/publication/404196793_Securing_Multi-Cloud_Kubernetes_Worker_Nodes_with_CIS-Aligned_Governance_Models/links/69ed0d47964b1d1df98c88bc/Securing-Multi-Cloud-Kubernetes-Worker-Nodes-with-CIS-Aligned-Governance-Models.pdf","",23,"2026-05-16 00:25:03","PDF","","",,,,,,0,0.00,0,6,3,"… The rapid adoption of multi-cloud Kubernetes deployments has introduced significant security … that aligns with the Center for Internet Security (CIS) Kubernetes Benchmarks to secure …","https://www.researchgate.net/profile/Mei-Lin-Zhang/publication/404196793_Securing_Multi-Cloud_Kubernetes_Worker_Nodes_with_CIS-Aligned_Governance_Models/links/69ed0d47964b1d1df98c88bc/Securing-Multi-Cloud-Kubernetes-Worker-Nodes-with-CIS-Aligned-Governance-Models.pdf","https://scholar.google.com/scholar?q=related:nnPflI_1LkUJ:scholar.google.com/&scioq=%22multi+cloud+kubernetes%22+%22security%22%7C%22supply+chain%22&hl=en&as_sdt=2007&as_ylo=2020&as_yhi=2025"
19,"A Gogineni","Multi-cloud deployment with kubernetes: challenges, strategies, and performance optimization",2022,"Int. Sci. J. Eng. Manag","openreview.net","https://openreview.net/pdf?id=qpQ0E4L6Xg","https://scholar.google.com/scholar?cites=5232845710676433165&as_sdt=2005&sciodt=2007&hl=en",24,"2026-05-16 00:25:03","PDF","","",,,,,,19,4.75,19,1,4,"… security measures, including IAM, encryption, and security management [3]. There is also a need for security … significant difficulties within the multi-cloud Kubernetes setting. Persistent …","https://openreview.net/pdf?id=qpQ0E4L6Xg","https://scholar.google.com/scholar?q=related:DZlL9XLNnkgJ:scholar.google.com/&scioq=%22multi+cloud+kubernetes%22+%22security%22%7C%22supply+chain%22&hl=en&as_sdt=2007&as_ylo=2020&as_yhi=2025"
6,"A Martiradonna","Zero trust architectures in a multi-cloud environment",2023,"","webthesis.biblio.polito.it","https://webthesis.biblio.polito.it/27725/","https://scholar.google.com/scholar?cites=14579596986291709528&as_sdt=2005&sciodt=2007&hl=en",25,"2026-05-16 00:25:03","","","",,,,,,6,2.00,6,1,3,"… security model that assumes that all users, devices and applications are untrusted until verified. In Traditional perimeter-based security … a ’concrete’ multi-cloud Kubernetes environment …","https://webthesis.biblio.polito.it/secure/27725/1/tesi.pdf","https://scholar.google.com/scholar?q=related:WOZFiDYiVcoJ:scholar.google.com/&scioq=%22multi+cloud+kubernetes%22+%22security%22%7C%22supply+chain%22&hl=en&as_sdt=2007&as_ylo=2020&as_yhi=2025"
0,"RK Rout","Kubernetes Security Best Practices",2025,"","norma.ncirl.ie","https://norma.ncirl.ie/id/eprint/8147","",26,"2026-05-16 00:25:03","","","",,,,,,0,0.00,0,1,1,"… Kubernetes security. The objective of this work is to evaluate the security of Kubernetes systems as well as existing and future security approaches. Thematic analysis revealed the key …","https://norma.ncirl.ie/8147/1/riteshkumarrout.pdf","https://scholar.google.com/scholar?q=related:DuoRJuBmpBsJ:scholar.google.com/&scioq=%22multi+cloud+kubernetes%22+%22security%22%7C%22supply+chain%22&hl=en&as_sdt=2007&as_ylo=2020&as_yhi=2025"
3,"H Mohamed","Towards an efficient multi-cloud observability framework of containerized microservices in kubernetes platform",2022,"","scholar.dsu.edu","https://scholar.dsu.edu/theses/401/","https://scholar.google.com/scholar?cites=5581513513643965381&as_sdt=2005&sciodt=2007&hl=en",27,"2026-05-16 00:25:03","","","",,,,,,3,0.75,3,1,4,"… several cloud providers to optimize cost and satisfy security concerns. This leads to increased … microservices are distributed on multi-cloud Kubernetes environments. Organization may …","https://scholar.dsu.edu/cgi/viewcontent.cgi?article=1402&context=theses","https://scholar.google.com/scholar?q=related:xXvK8feEdU0J:scholar.google.com/&scioq=%22multi+cloud+kubernetes%22+%22security%22%7C%22supply+chain%22&hl=en&as_sdt=2007&as_ylo=2020&as_yhi=2025"
0,"K Kallio, A Ojala, R Savolainen, A James","Multi-Cloud Management with Kubernetes Federation",2021,"","researchgate.net","https://www.researchgate.net/profile/Andrew-James-42/publication/392125002_Multi-Cloud_Management_with_Kubernetes_Federation/links/6835b8d9026fee1034fc4954/Multi-Cloud-Management-with-Kubernetes-Federation.pdf","",28,"2026-05-16 00:25:03","PDF","","",,,,,,0,0.00,0,4,5,"… demonstrate that Kubernetes Federation facilitates improved availability, scalability, and resource optimization while highlighting critical areas of concern, such as latency and security. …","https://www.researchgate.net/profile/Andrew-James-42/publication/392125002_Multi-Cloud_Management_with_Kubernetes_Federation/links/6835b8d9026fee1034fc4954/Multi-Cloud-Management-with-Kubernetes-Federation.pdf","https://scholar.google.com/scholar?q=related:Yzmgb30cquwJ:scholar.google.com/&scioq=%22multi+cloud+kubernetes%22+%22security%22%7C%22supply+chain%22&hl=en&as_sdt=2007&as_ylo=2020&as_yhi=2025"
4,"K Thirumalaisamy","Cloud-Native Defense-in-Depth Security for Mission-Critical Services in Managed Kubernetes",,"Volume","researchgate.net","https://www.researchgate.net/profile/Karthikeyan-Thirumalaisamy/publication/394541193_Cloud-Native_Defense-in-Depth_Security_for_Mission-Critical_Services_in_Managed_Kubernetes/links/68a3f5d67984e374ace98fd5/Cloud-Native-Defense-in-Depth-Security-for-Mission-Critical-Services-in-Managed-Kubernetes.pdf","https://scholar.google.com/scholar?cites=3124142509366129668&as_sdt=2005&sciodt=2007&hl=en",29,"2026-05-16 00:25:03","PDF","","",,,,,,4,0.00,4,1,,"… that have built-in protection to mitigate kubelet risk, we can layer and add additional controls to limit risk as part of the overall risk management strategy in multi-cloud Kubernetes. …","https://www.researchgate.net/profile/Karthikeyan-Thirumalaisamy/publication/394541193_Cloud-Native_Defense-in-Depth_Security_for_Mission-Critical_Services_in_Managed_Kubernetes/links/68a3f5d67984e374ace98fd5/Cloud-Native-Defense-in-Depth-Security-for-Mission-Critical-Services-in-Managed-Kubernetes.pdf","https://scholar.google.com/scholar?q=related:BDR3Ug8vWysJ:scholar.google.com/&scioq=%22multi+cloud+kubernetes%22+%22security%22%7C%22supply+chain%22&hl=en&as_sdt=2007&as_ylo=2020&as_yhi=2025"
0,"P Pandit, R Hardt","DevSecOps in Practice with VMware Tanzu: Build, run, and manage secure multi-cloud apps at scale on Kubernetes with the Tanzu portfolio",2023,"","books.google.com","https://books.google.com/books?hl=en&lr=&id=W_WkEAAAQBAJ&oi=fnd&pg=PP1&dq=%22multi+cloud+kubernetes%22+%22security%22%7C%22supply+chain%22&ots=JxKEKsb5tY&sig=VvyxgySL7pPgHVyQxihCAlA60lo","",30,"2026-05-16 00:25:03","BOOK","","",,,,,,0,0.00,0,2,3,"… building, running, and managing modern applications on multi-cloud Kubernetes platforms. … This section also covers deploying secure paths to production with supply chain …","","https://scholar.google.com/scholar?q=related:lWG0VEPo6owJ:scholar.google.com/&scioq=%22multi+cloud+kubernetes%22+%22security%22%7C%22supply+chain%22&hl=en&as_sdt=2007&as_ylo=2020&as_yhi=2025"
1,"AV Chaudhari, PA Charate","Dynamic Orchestration of Microservices Across Multi-Cloud Environments for Low-Latency Applications",,"irjaes.com","","http://irjaes.com/wp-content/uploads/2025/05/IRJAES-V10N2P152Y25.pdf","https://scholar.google.com/scholar?cites=16604582878078744148&as_sdt=2005&sciodt=2007&hl=en",31,"2026-05-16 00:25:03","PDF","","",,,,,,1,0.00,1,2,,"… The proposed architecture (illustrated in Figure 1) integrates a federated multi-cloud Kubernetes environment with continuous monitoring and a feedback-driven control loop to make …","http://irjaes.com/wp-content/uploads/2025/05/IRJAES-V10N2P152Y25.pdf","https://scholar.google.com/scholar?q=related:VLZqGydUb-YJ:scholar.google.com/&scioq=%22multi+cloud+kubernetes%22+%22security%22%7C%22supply+chain%22&hl=en&as_sdt=2007&as_ylo=2020&as_yhi=2025"
3,"M Katsaragakis, O Filippopoulos, C Sad…","Multi-partner project: Orchestrating deployment and real-time monitoring-NEPHELE multi-cloud ecosystem",2025,"… , Automation &Test …","ieeexplore.ieee.org","https://ieeexplore.ieee.org/abstract/document/10993012/","https://scholar.google.com/scholar?cites=560087555276013115&as_sdt=2005&sciodt=2007&hl=en",32,"2026-05-16 00:25:03","","","",,,,,,3,3.00,1,4,1,"… II-A) with the goal of efficient resource allocation and load balancing [18] across different clusters and (c) VO management and orchestration and (d) security and policy management to …","https://drive.google.com/file/d/1qanMTVUssmmtQU5y19ZtOSvQdQVK-dPS/view","https://scholar.google.com/scholar?q=related:O_5X_6nUxQcJ:scholar.google.com/&scioq=%22multi+cloud+kubernetes%22+%22security%22%7C%22supply+chain%22&hl=en&as_sdt=2007&as_ylo=2020&as_yhi=2025"
0,"C OKAFOR, S VETHACHALAM, ADE AKINYEMI","A DevSecOps MODEL FOR SECURING MULTI-CLOUD ENVIRONMENTS WITH AUTOMATED DATA PROTECTION",,"researchgate.net","","https://www.researchgate.net/profile/Suresh-Vethachalam/publication/395477640_A_DevSecOps_MODEL_FOR_SECURING_MULTI-CLOUD_ENVIRONMENTS_WITH_AUTOMATED_DATA_PROTECTION/links/68c818e8a14ac57c39a825b4/A-DevSecOps-MODEL-FOR-SECURING-MULTI-CLOUD-ENVIRONMENTS-WITH-AUTOMATED-DATA-PROTECTION.pdf","",33,"2026-05-16 00:25:03","PDF","","",,,,,,0,0.00,0,3,,"… the security … security as a side-note encourages a culture of collective responsibility in which developers, operations teams, and security experts can work together to implement security …","https://www.researchgate.net/profile/Suresh-Vethachalam/publication/395477640_A_DevSecOps_MODEL_FOR_SECURING_MULTI-CLOUD_ENVIRONMENTS_WITH_AUTOMATED_DATA_PROTECTION/links/68c818e8a14ac57c39a825b4/A-DevSecOps-MODEL-FOR-SECURING-MULTI-CLOUD-ENVIRONMENTS-WITH-AUTOMATED-DATA-PROTECTION.pdf","https://scholar.google.com/scholar?q=related:5_E_Uxx2MVcJ:scholar.google.com/&scioq=%22multi+cloud+kubernetes%22+%22security%22%7C%22supply+chain%22&hl=en&as_sdt=2007&as_ylo=2020&as_yhi=2025"
13,"M Femminella, M Palmucci, G Reali…","Attribute-based management of secure Kubernetes cloud bursting",2024,"IEEE Open Journal of …","ieeexplore.ieee.org","https://ieeexplore.ieee.org/abstract/document/10440131/","https://scholar.google.com/scholar?cites=11218230145462991221&as_sdt=2005&sciodt=2007&hl=en",34,"2026-05-16 00:25:03","","","",,,,,,13,6.50,3,4,2,"… does not suitably address all the security aspects related to data confidentiality and access … an architectural solution to address the security challenges of cloud bursting that integrates …","https://ieeexplore.ieee.org/iel7/8782661/8901158/10440131.pdf","https://scholar.google.com/scholar?q=related:dXnmbOEor5sJ:scholar.google.com/&scioq=%22multi+cloud+kubernetes%22+%22security%22%7C%22supply+chain%22&hl=en&as_sdt=2007&as_ylo=2020&as_yhi=2025"
0,"M Cate","Workload Scheduling and Resource Management in Kubernetes",,"researchgate.net","","https://www.researchgate.net/profile/Mia-Cate/publication/388527633_Workload_Scheduling_and_Resource_Management_in_Kubernetes/links/679c03e88311ce680c45931f/Workload-Scheduling-and-Resource-Management-in-Kubernetes.pdf","",35,"2026-05-16 00:25:03","PDF","","",,,,,,0,0.00,0,1,,"… architecture of Multi-Cloud Kubernetes environments… Multi-Cloud Kubernetes architectures, along with a look into the future of this rapidly evolving field. The scope also includes security …","https://www.researchgate.net/profile/Mia-Cate/publication/388527633_Workload_Scheduling_and_Resource_Management_in_Kubernetes/links/679c03e88311ce680c45931f/Workload-Scheduling-and-Resource-Management-in-Kubernetes.pdf","https://scholar.google.com/scholar?q=related:1PbOFncA9T8J:scholar.google.com/&scioq=%22multi+cloud+kubernetes%22+%22security%22%7C%22supply+chain%22&hl=en&as_sdt=2007&as_ylo=2020&as_yhi=2025"
2,"SM Polisetty, SK Pendyala…","Cloud-Native Lakehouses: Multi-Cloud Strategies for Business Intelligence and Data Analytics",2024,"Technology (IJRCAIT)","researchgate.net","https://www.researchgate.net/profile/Santhosh-Kumar-Pendyala-2/publication/389906572_Cloud-Native_Lakehouses_Multi-Cloud_Strategies_for_Business_Intelligence_and_Data_Analytics/links/67d84a3d478c5a3feda4fdce/Cloud-Native-Lakehouses-Multi-Cloud-Strategies-for-Business-Intelligence-and-Data-Analytics.pdf","https://scholar.google.com/scholar?cites=8103517022951632187&as_sdt=2005&sciodt=2007&hl=en",36,"2026-05-16 00:25:03","PDF","","",,,,,,2,1.00,1,3,2,"… a multi-cloud Kubernetes … security configurations by defining resources like Virtual Private Cloud (VPC), subnets, firewalls, and IAM roles, which enforce data governance and security …","https://www.researchgate.net/profile/Santhosh-Kumar-Pendyala-2/publication/389906572_Cloud-Native_Lakehouses_Multi-Cloud_Strategies_for_Business_Intelligence_and_Data_Analytics/links/67d84a3d478c5a3feda4fdce/Cloud-Native-Lakehouses-Multi-Cloud-Strategies-for-Business-Intelligence-and-Data-Analytics.pdf","https://scholar.google.com/scholar?q=related:O-1cUMx5dXAJ:scholar.google.com/&scioq=%22multi+cloud+kubernetes%22+%22security%22%7C%22supply+chain%22&hl=en&as_sdt=2007&as_ylo=2020&as_yhi=2025"
2,"EF Spinella","Kubernetes Workload Identity Federation",2025,"","openaccess.uoc.edu","https://openaccess.uoc.edu/bitstream/10609/152143/1/KubernetesWorkloadIdentityFederation-EmilianoSpinella.pdf","https://scholar.google.com/scholar?cites=12543493285708935770&as_sdt=2005&sciodt=2007&hl=en",37,"2026-05-16 00:25:03","PDF","","",,,,,,2,2.00,2,1,1,"… This thesis proposes a standardized solution to improve security and operational efficiency in multi-cluster, multi-cloud Kubernetes environments by proposing a Federated Workload …","https://openaccess.uoc.edu/bitstream/10609/152143/1/KubernetesWorkloadIdentityFederation-EmilianoSpinella.pdf","https://scholar.google.com/scholar?q=related:WrItYa9wE64J:scholar.google.com/&scioq=%22multi+cloud+kubernetes%22+%22security%22%7C%22supply+chain%22&hl=en&as_sdt=2007&as_ylo=2020&as_yhi=2025"
1,"R Kumar","Optimizing Kubernetes-Based SaaS Applications for High Availability and Performance",2024,"Journal of Advances in Developmental Research","researchgate.net","https://www.researchgate.net/profile/Ritesh-Kumar-165/publication/391633458_Optimizing_Kubernetes-Based_SaaS_Applications_for_High_Availability_and_Performance/links/681fb974bd3f1930dd7053f1/Optimizing-Kubernetes-Based-SaaS-Applications-for-High-Availability-and-Performance.pdf","https://scholar.google.com/scholar?cites=468143732879892676&as_sdt=2005&sciodt=2007&hl=en",38,"2026-05-16 00:25:03","PDF","","",,,,,,1,0.50,1,1,2,"… trade-offs between performance and security, necessitating a systematic evaluation of their … b) Hybrid Cloud Kubernetes Optimization: Evaluating multi-cloud Kubernetes deployments …","https://www.researchgate.net/profile/Ritesh-Kumar-165/publication/391633458_Optimizing_Kubernetes-Based_SaaS_Applications_for_High_Availability_and_Performance/links/681fb974bd3f1930dd7053f1/Optimizing-Kubernetes-Based-SaaS-Applications-for-High-Availability-and-Performance.pdf","https://scholar.google.com/scholar?q=related:xKAhpj4ufwYJ:scholar.google.com/&scioq=%22multi+cloud+kubernetes%22+%22security%22%7C%22supply+chain%22&hl=en&as_sdt=2007&as_ylo=2020&as_yhi=2025"
1,"L Osmani","Multicloud Management Plane: Experiments with Scientific and Telecom Clouds",2023,"","helda.helsinki.fi","https://helda.helsinki.fi/server/api/core/bitstreams/cae2d18a-9c83-4e74-ab2c-e5a1a91cf371/content","https://scholar.google.com/scholar?cites=14545193497683715577&as_sdt=2005&sciodt=2007&hl=en",39,"2026-05-16 00:25:03","PDF","","",,,,,,1,0.33,1,1,3,"… dates initially security measures for each service individually, and secondly having security policies … , we decided to focus on two technical challenges related to multi-cloud Kubernetes: …","https://helda.helsinki.fi/server/api/core/bitstreams/cae2d18a-9c83-4e74-ab2c-e5a1a91cf371/content","https://scholar.google.com/scholar?q=related:-WXCImzo2skJ:scholar.google.com/&scioq=%22multi+cloud+kubernetes%22+%22security%22%7C%22supply+chain%22&hl=en&as_sdt=2007&as_ylo=2020&as_yhi=2025"
0,"AM Geethananda","Architectural Patterns and Performance Analysis of Batch Processing Technologies in Multi-Cloud Environments.",2025,"Journal of Computational Analysis & …","search.ebscohost.com","https://search.ebscohost.com/login.aspx?direct=true&profile=ehost&scope=site&authtype=crawler&jrnl=15211398&AN=189581782&h=8HQgsVZum7GMkeUXStiD1s5oNBZh%2FIu%2BwvUhb%2F7rssEXORYd22bRtEy7aO9A4dGfnPI3NzmsZCldx2xwe0%2FqZA%3D%3D&crl=c","",40,"2026-05-16 00:25:03","","","",,,,,,0,0.00,0,1,1,"… Third, security and compliance frameworks specifically designed for batch workloads … for specialized batch workloads in multicloud Kubernetes environments. Performance analysis …","","https://scholar.google.com/scholar?q=related:wFoAiqvGaQEJ:scholar.google.com/&scioq=%22multi+cloud+kubernetes%22+%22security%22%7C%22supply+chain%22&hl=en&as_sdt=2007&as_ylo=2020&as_yhi=2025"
0,"AH Chaudhari","Cloud-Native Infrastructure: Powering the Next Generation of Autonomous Vehicles",2025,"Journal of Computer Science and …","al-kindipublishers.org","https://al-kindipublishers.org/index.php/jcsts/article/view/9329","",41,"2026-05-16 00:25:03","","","",,,,,,0,0.00,0,1,1,"… The article further investigates multi-cloud Kubernetes deployments for processing traffic … few security controls out of the recommended practices for container supply chain security. …","https://al-kindipublishers.org/index.php/jcsts/article/download/9329/8022","https://scholar.google.com/scholar?q=related:psyoJgxiKxEJ:scholar.google.com/&scioq=%22multi+cloud+kubernetes%22+%22security%22%7C%22supply+chain%22&hl=en&as_sdt=2007&as_ylo=2020&as_yhi=2025"
0,"IA Khemraj, A Buckshumiyan…","AZTEM: A Self-Evolving Zero-Trust Model for Adaptive Cloud Security Using AI-Driven Threat Mitigation and Quantum-Resilient Encryption",2025,"2025 IEEE 2nd …","ieeexplore.ieee.org","https://ieeexplore.ieee.org/abstract/document/11387597/","",42,"2026-05-16 00:25:03","","","",,,,,,0,0.00,0,3,1,"… Multi-cloud Kubernetes workload case studies demonstrated how AZTEM is capable of dynamically quarantining suspicious containers and isolating risky sessions without impacting …","","https://scholar.google.com/scholar?q=related:8kWMotNhKokJ:scholar.google.com/&scioq=%22multi+cloud+kubernetes%22+%22security%22%7C%22supply+chain%22&hl=en&as_sdt=2007&as_ylo=2020&as_yhi=2025"
0,"AKM Tirumala","Leveraging AWS Security Hub and Guard Duty for Continuous Threat Intelligence",,"J Artif Intell Mach Learn &Data Sci 2024","urfjournals.org","https://urfjournals.org/open-access/leveraging-aws-security-hub-and-guard-duty-for-continuous-threat-intelligence.pdf","",43,"2026-05-16 00:25:03","PDF","","",,,,,,0,0.00,0,1,,"… Integration with services such as Amazon Cloud Watch and AWS Security Hub provides monitoring of cluster activities, system metrics, and security alerts. Research underscores the …","https://urfjournals.org/open-access/leveraging-aws-security-hub-and-guard-duty-for-continuous-threat-intelligence.pdf","https://scholar.google.com/scholar?q=related:CyprrFB0_7kJ:scholar.google.com/&scioq=%22multi+cloud+kubernetes%22+%22security%22%7C%22supply+chain%22&hl=en&as_sdt=2007&as_ylo=2020&as_yhi=2025"
0,"AKM Tirumala","The Role of AWS Elastic Kubernetes Service in Managing AI-Powered Micrroservices",,"J Artif Intell Mach Learn &Data Sci 2024","researchgate.net","https://www.researchgate.net/profile/Tirumala-Ashish-Kumar-Manne/publication/396315727_The_Role_of_AWS_Elastic_Kubernetes_Service_in_Managing_AI-Powered_Microservices/links/68f13f36f3032e2b4be9ae88/The-Role-of-AWS-Elastic-Kubernetes-Service-in-Managing-AI-Powered-Microservices.pdf","",44,"2026-05-16 00:25:03","PDF","","",,,,,,0,0.00,0,1,,"… Integration with services such as Amazon Cloud Watch and AWS Security Hub provides monitoring of cluster activities, system metrics, and security alerts. Research underscores the …","https://www.researchgate.net/profile/Tirumala-Ashish-Kumar-Manne/publication/396315727_The_Role_of_AWS_Elastic_Kubernetes_Service_in_Managing_AI-Powered_Microservices/links/68f13f36f3032e2b4be9ae88/The-Role-of-AWS-Elastic-Kubernetes-Service-in-Managing-AI-Powered-Microservices.pdf","https://scholar.google.com/scholar?q=related:lyuCLEnY4Z4J:scholar.google.com/&scioq=%22multi+cloud+kubernetes%22+%22security%22%7C%22supply+chain%22&hl=en&as_sdt=2007&as_ylo=2020&as_yhi=2025"
57,"A Arora","Artificial intelligence-driven solutions for improving public safety and national security systems",2025,"Available at SSRN 5268174","papers.ssrn.com","https://papers.ssrn.com/sol3/papers.cfm?abstract_id=5268174","https://scholar.google.com/scholar?cites=9746163185752935420&as_sdt=2005&sciodt=2007&hl=en",45,"2026-05-16 00:25:03","","","",,,,,,57,57.00,57,1,1,"… can lead to inconsistent security configurations, which may expose … the security of multi-cloud Kubernetes environments by … Another challenge in multi-cloud Kubernetes orchestration is …","https://papers.ssrn.com/sol3/Delivery.cfm?abstractid=5268174","https://scholar.google.com/scholar?q=related:_AvLscdTQYcJ:scholar.google.com/&scioq=%22multi+cloud+kubernetes%22+%22security%22%7C%22supply+chain%22&hl=en&as_sdt=2007&as_ylo=2020&as_yhi=2025"
0,"K DIANA","FORTIFYING MULTI-CLOUD KUBERNETES: SECURITY STRATEGIES FOR THE MODERN ENTERPRISE",2024,"WORLD","elibrary.ru","https://elibrary.ru/item.asp?id=74213293","",46,"2026-05-16 00:25:03","","","",,,,,,0,0.00,0,1,2,"… security, access control and compliance with regulatory requirements. For effective security … , including cloud security Management (CSPM) and Kubernetes Security Management (…","","https://scholar.google.com/scholar?q=related:Ii4PkkfqSIgJ:scholar.google.com/&scioq=%22multi+cloud+kubernetes%22+%22security%22%7C%22supply+chain%22&hl=en&as_sdt=2007&as_ylo=2020&as_yhi=2025"
0,"H Tanaka","Designing Scalable AI Algorithms for Securing Multi-Cloud Kubernetes Clusters",2024,"Journal of Artificial Intelligence for Data-Driven …","jaiddd.org","http://jaiddd.org/index.php/jaiddd/article/view/9","",47,"2026-05-16 00:25:03","","","",,,,,,0,0.00,0,1,2,"… driven security algorithms tailored for multi-cloud Kubernetes … analytics, AI can enhance security through real-time threat … AI algorithms in securing multi-cloud Kubernetes environments. …","","https://scholar.google.com/scholar?q=related:Cqmf-A2vAP8J:scholar.google.com/&scioq=%22multi+cloud+kubernetes%22+%22security%22%7C%22supply+chain%22&hl=en&as_sdt=2007&as_ylo=2020&as_yhi=2025"
5,"E Gkatziouras, R Adams, C Xi","Kubernetes Secrets Handbook: Design, implement, and maintain production-grade Kubernetes Secrets management solutions",2024,"","books.google.com","https://books.google.com/books?hl=en&lr=&id=M_buEAAAQBAJ&oi=fnd&pg=PR1&dq=%22multi+cloud+kubernetes%22+%22security%22%7C%22supply+chain%22&ots=ZaPByybpf0&sig=mTYIVrD6qj979A2PnEzIHi1t-48","https://scholar.google.com/scholar?cites=3176195905472419477&as_sdt=2005&sciodt=2007&hl=en",48,"2026-05-16 00:25:03","BOOK","","",,,,,,5,2.50,2,3,2,"… With a meticulous approach, the authors delve into the core concepts of Kubernetes security… of security features Kubernetes offers, empowering you to craft and deliver a robust security …","","https://scholar.google.com/scholar?q=related:lda7ClkdFCwJ:scholar.google.com/&scioq=%22multi+cloud+kubernetes%22+%22security%22%7C%22supply+chain%22&hl=en&as_sdt=2007&as_ylo=2020&as_yhi=2025"
0,"RK Kripa","KubeSecOps: Continuous Security Assurance in Kubernetes-Based DevSecOps Pipelines for AI Workloads",2025,"2025 IEEE International Conference on Advances in …","ieeexplore.ieee.org","https://ieeexplore.ieee.org/abstract/document/11436334/","",49,"2026-05-16 00:25:03","","","",,,,,,0,0.00,0,1,1,"… with modern CI/CD workflows, multi-cloud Kubernetes deployments, and AI pipeline … best practices and intelligent workload security. By integrating security from code to production, it …","","https://scholar.google.com/scholar?q=related:644xzvMM2dAJ:scholar.google.com/&scioq=%22multi+cloud+kubernetes%22+%22security%22%7C%22supply+chain%22&hl=en&as_sdt=2007&as_ylo=2020&as_yhi=2025"
35,"TV Kumar","Enhanced Kubernetes Monitoring Through Distributed Event Processing",2024,"","philpapers.org","https://philpapers.org/rec/VAREKM","https://scholar.google.com/scholar?cites=16305872764394957178&as_sdt=2005&sciodt=2007&hl=en",50,"2026-05-16 00:25:03","","","",,,,,,35,17.50,35,1,2,"… practical test results in a multi-cloud Kubernetes setup. The system's modularity and compatibility with CI/CD pipelines, service meshes, and security policy engines also contributed to …","https://philpapers.org/archive/VAREKM.pdf","https://scholar.google.com/scholar?q=related:eml6EuMYSuIJ:scholar.google.com/&scioq=%22multi+cloud+kubernetes%22+%22security%22%7C%22supply+chain%22&hl=en&as_sdt=2007&as_ylo=2020&as_yhi=2025"
0,"CR Sen","ZERO-TRUST ARCHITECTURE IMPLEMENTATION IN MULTI-CLOUD KUBERNETES ENVIRONMENTS",2025,"International Multidisciplinary Book Series","ibseries.com","https://www.ibseries.com/index.php/IMBS/article/view/47","",51,"2026-05-16 00:25:03","","","",,,,,,0,0.00,0,1,1,"… This paper presents a comprehensive implementation of Zero-Trust Architecture in multi-cloud Kubernetes environments, focusing on identity-based access control, micro-segmentation…","","https://scholar.google.com/scholar?q=related:gLcObEcZriwJ:scholar.google.com/&scioq=%22multi+cloud+kubernetes%22+%22security%22%7C%22supply+chain%22&hl=en&as_sdt=2007&as_ylo=2020&as_yhi=2025"
19,"V Punniyamoorthy, AG Parthi, M Palanigounder…","A Privacy-Preserving Cloud Architecture for Distributed Machine Learning at Scale",2025,"arXiv preprint arXiv …","arxiv.org","https://arxiv.org/abs/2512.10341","https://scholar.google.com/scholar?cites=15868535152743535500&as_sdt=2005&sciodt=2007&hl=en",52,"2026-05-16 00:25:03","","","",,,,,,19,19.00,5,4,1,"… Cloud-Native Healthcare Security Cloud-native security [16] efforts in healthcare largely rely … The PACC-Health prototype is deployed on a hybrid multicloud Kubernetes environment, …","https://arxiv.org/pdf/2512.10341","https://scholar.google.com/scholar?q=related:jNMTdaVcONwJ:scholar.google.com/&scioq=%22multi+cloud+kubernetes%22+%22security%22%7C%22supply+chain%22&hl=en&as_sdt=2007&as_ylo=2020&as_yhi=2025"
0,"L Ferreira","The Development of Scalable Artificial Intelligence Algorithms for the Protection of Kubernetes Clusters in Multiple Clouds",2025,"Journal of Artificial Intelligence for Data-Driven …","jaiddd.org","http://jaiddd.org/index.php/jaiddd/article/view/12","",53,"2026-05-16 00:25:03","","","",,,,,,0,0.00,0,1,1,"… It is difficult for traditional security methods to keep up with … of artificial intelligence-driven security algorithms that are tailor… are used to secure multi-cloud Kubernetes settings. The paper …","","https://scholar.google.com/scholar?q=related:ytKMiipzsx0J:scholar.google.com/&scioq=%22multi+cloud+kubernetes%22+%22security%22%7C%22supply+chain%22&hl=en&as_sdt=2007&as_ylo=2020&as_yhi=2025"
0,"V Sharma","AI-DRIVEN CLOUD INFRASTRUCTURE: ADVANCES IN KUBERNETES AND SERVERLESS COMPUTING.",2025,"International Journal of Advanced Research in …","researchgate.net","https://www.researchgate.net/profile/Vivek-Sharma-158/publication/391435864_AI-DRIVEN_CLOUD_INFRASTRUCTURE_ADVANCES_IN_KUBERNETES_AND_SERVERLESS_COMPUTING/links/694e354c9aa6b4649dc4d06e/AI-DRIVEN-CLOUD-INFRASTRUCTURE-ADVANCES-IN-KUBERNETES-AND-SERVERLESS-COMPUTING.pdf","",54,"2026-05-16 00:25:03","PDF","","",,,,,,0,0.00,0,1,1,"… role can be optimized, security is improved and self-healing cloud environments are made possible. The paper also studies challenges: latency, security issues, and uncertainties of …","https://www.researchgate.net/profile/Vivek-Sharma-158/publication/391435864_AI-DRIVEN_CLOUD_INFRASTRUCTURE_ADVANCES_IN_KUBERNETES_AND_SERVERLESS_COMPUTING/links/694e354c9aa6b4649dc4d06e/AI-DRIVEN-CLOUD-INFRASTRUCTURE-ADVANCES-IN-KUBERNETES-AND-SERVERLESS-COMPUTING.pdf","https://scholar.google.com/scholar?q=related:xOz8_xwCBKkJ:scholar.google.com/&scioq=%22multi+cloud+kubernetes%22+%22security%22%7C%22supply+chain%22&hl=en&as_sdt=2007&as_ylo=2020&as_yhi=2025"
2,"J Immaneni, VV Reddy","Scalable, Secure Cloud Migration with Kubernetes for Financial Applications",2023,"International Journal of Emerging Research in …","ijeret.org","https://ijeret.org/index.php/ijeret/article/view/76","https://scholar.google.com/scholar?cites=16506457154092243669&as_sdt=2005&sciodt=2007&hl=en",55,"2026-05-16 00:25:03","","","",,,,,,2,0.67,1,2,3,"… Security-first practices are a focal point, guiding readers on protecting data integrity and confidentiality throughout the migration process. The article also explores real-world use cases …","","https://scholar.google.com/scholar?q=related:1ZrfoVO3EuUJ:scholar.google.com/&scioq=%22multi+cloud+kubernetes%22+%22security%22%7C%22supply+chain%22&hl=en&as_sdt=2007&as_ylo=2020&as_yhi=2025"
2,"S Chugh","Bridging the Gap: Industry Perspectives and Trends in Cloud Security, and Opportunities for Collaborative Research",2023,"… on Trust, Privacy and Security in Intelligent Systems …","ieeexplore.ieee.org","https://ieeexplore.ieee.org/abstract/document/10431562/","https://scholar.google.com/scholar?cites=10610385612873242270&as_sdt=2005&sciodt=2007&hl=en",56,"2026-05-16 00:25:03","","","",,,,,,2,0.67,2,1,3,"… to identify the relationships between Kubernetes objects and provide an accurate and up-to-date view of the cluster's security posture. By scanning multi-cloud Kubernetes workloads for …","","https://scholar.google.com/scholar?q=related:npY5qX-pP5MJ:scholar.google.com/&scioq=%22multi+cloud+kubernetes%22+%22security%22%7C%22supply+chain%22&hl=en&as_sdt=2007&as_ylo=2020&as_yhi=2025"
10,"Z Morić, V Dakić, T Čavala","Security hardening and compliance assessment of Kubernetes control plane and workloads",2025,"Journal of cybersecurity and privacy","mdpi.com","https://www.mdpi.com/2624-800X/5/2/30","https://scholar.google.com/scholar?cites=7715829182677993044&as_sdt=2005&sciodt=2007&hl=en",57,"2026-05-16 00:25:03","HTML","","",,,,,,10,10.00,3,3,1,"… and scattered security documentation … security by combining theoretical examination with practical application, concentrating on architectural hardening, access control, image security, …","https://www.mdpi.com/2624-800X/5/2/30","https://scholar.google.com/scholar?q=related:VEYd7cIhFGsJ:scholar.google.com/&scioq=%22multi+cloud+kubernetes%22+%22security%22%7C%22supply+chain%22&hl=en&as_sdt=2007&as_ylo=2020&as_yhi=2025"
0,"LM Thompson, MG Santos, RA Newman, Y Tanaka","Kubernetes and Linux Node Security Validation Using Configuration-as-Code Frameworks",2024,"","researchgate.net","https://www.researchgate.net/profile/Sophia-Williams-23/publication/404722302_Kubernetes_and_Linux_Node_Security_Validation_Using_Configuration-as-Code_Frameworks/links/6a01e90a39e45e75a6dc677c/Kubernetes-and-Linux-Node-Security-Validation-Using-Configuration-as-Code-Frameworks.pdf","",58,"2026-05-16 00:25:03","PDF","","",,,,,,0,0.00,0,4,2,"… container orchestration has introduced significant security challenges, particularly regarding … This article proposes a novel, automated security validation framework for Kubernetes and …","https://www.researchgate.net/profile/Sophia-Williams-23/publication/404722302_Kubernetes_and_Linux_Node_Security_Validation_Using_Configuration-as-Code_Frameworks/links/6a01e90a39e45e75a6dc677c/Kubernetes-and-Linux-Node-Security-Validation-Using-Configuration-as-Code-Frameworks.pdf","https://scholar.google.com/scholar?q=related:cTwlduYPK-AJ:scholar.google.com/&scioq=%22multi+cloud+kubernetes%22+%22security%22%7C%22supply+chain%22&hl=en&as_sdt=2007&as_ylo=2020&as_yhi=2025"
0,"AG Parthi, M Palanigounder, V Punniyamoorthy…","A Privacy-Preserving Cloud Architecture for Distributed Machine Learning at Scale",,"researchgate.net","","https://www.researchgate.net/profile/Ashok-Gadi-Parthi/publication/397956196_A_Privacy-Preserving_Cloud_Architecture_for_Distributed_Machine_Learning_at_Scale/links/6925ef57a130337711bf1d57/A-Privacy-Preserving-Cloud-Architecture-for-Distributed-Machine-Learning-at-Scale.pdf","",59,"2026-05-16 00:25:03","PDF","","",,,,,,0,0.00,0,4,,"… Cloud-Native Healthcare Security Cloud-native security [16] efforts in healthcare largely rely … prototype is deployed on a hybrid multicloud Kubernetes environment, with hospital and …","https://www.researchgate.net/profile/Ashok-Gadi-Parthi/publication/397956196_A_Privacy-Preserving_Cloud_Architecture_for_Distributed_Machine_Learning_at_Scale/links/6925ef57a130337711bf1d57/A-Privacy-Preserving-Cloud-Architecture-for-Distributed-Machine-Learning-at-Scale.pdf","https://scholar.google.com/scholar?q=related:1Za-CJjz-PsJ:scholar.google.com/&scioq=%22multi+cloud+kubernetes%22+%22security%22%7C%22supply+chain%22&hl=en&as_sdt=2007&as_ylo=2020&as_yhi=2025"
3,"O Shevchenko","Towards Self-Healing Cloud Infrastructure: Automated Recovery Methods and Their Effectiveness",2025,"Emerging Frontiers Library for The American …","emergingsociety.org","http://emergingsociety.org/index.php/efltajet/article/view/34","https://scholar.google.com/scholar?cites=14105785511392719169&as_sdt=2005&sciodt=2007&hl=en",60,"2026-05-16 00:25:03","","","",,,,,,3,3.00,3,1,1,"… of this work lies in the first comparative evaluation of the effectiveness of rule-based approaches, ML-prioritized methods, genetic algorithms, and DQN agents in multicloud Kubernetes …","http://emergingsociety.org/index.php/efltajet/article/download/34/33","https://scholar.google.com/scholar?q=related:QTFq3C_RwcMJ:scholar.google.com/&scioq=%22multi+cloud+kubernetes%22+%22security%22%7C%22supply+chain%22&hl=en&as_sdt=2007&as_ylo=2020&as_yhi=2025"
0,"A Joel","EVALUATING NETWORK CONNECTIVITY OPTIONS FOR HIGH-SPEED DATA EXCHANGE BETWEEN AWS AND GCP",2023,"","researchgate.net","https://www.researchgate.net/profile/Ayomide-Joel/publication/398428081_EVALUATING_NETWORK_CONNECTIVITY_OPTIONS_FOR_HIGH-SPEED_DATA_EXCHANGE_BETWEEN_AWS_AND_GCP/links/6936348d06a9ab54f844e6d8/EVALUATING-NETWORK-CONNECTIVITY-OPTIONS-FOR-HIGH-SPEED-DATA-EXCHANGE-BETWEEN-AWS-AND-GCP.pdf","",61,"2026-05-16 00:25:03","PDF","","",,,,,,0,0.00,0,1,3,"… Virtual private networks (VPNs) provide an additional security layer by encrypting traffic … Emerging technologies such as multi-cloud Kubernetes and 5G-assisted networking bring …","https://www.researchgate.net/profile/Ayomide-Joel/publication/398428081_EVALUATING_NETWORK_CONNECTIVITY_OPTIONS_FOR_HIGH-SPEED_DATA_EXCHANGE_BETWEEN_AWS_AND_GCP/links/6936348d06a9ab54f844e6d8/EVALUATING-NETWORK-CONNECTIVITY-OPTIONS-FOR-HIGH-SPEED-DATA-EXCHANGE-BETWEEN-AWS-AND-GCP.pdf","https://scholar.google.com/scholar?q=related:Q1a3Zf40hggJ:scholar.google.com/&scioq=%22multi+cloud+kubernetes%22+%22security%22%7C%22supply+chain%22&hl=en&as_sdt=2007&as_ylo=2020&as_yhi=2025"
1,"A Malik, D Kaur","Implementing Hybrid Cloud with Azure Arc: Explore the new-generation hybrid cloud and learn how to build Azure Arc-enabled solutions",2021,"","books.google.com","https://books.google.com/books?hl=en&lr=&id=b082EAAAQBAJ&oi=fnd&pg=PP1&dq=%22multi+cloud+kubernetes%22+%22security%22%7C%22supply+chain%22&ots=WBlIYnx7B6&sig=edkHD32ZsiGRohhJHbMYLMCnqyg","https://scholar.google.com/scholar?cites=16666980578634312485&as_sdt=2005&sciodt=2007&hl=en",62,"2026-05-16 00:25:03","BOOK","","",,,,,,1,0.20,1,2,5,"… He is responsible for architecting security frameworks by evaluating business IT strategy, operating models, and risk mitigation strategies. He … 204 Multi-cloud Kubernetes management …","","https://scholar.google.com/scholar?q=related:JSvV44cCTecJ:scholar.google.com/&scioq=%22multi+cloud+kubernetes%22+%22security%22%7C%22supply+chain%22&hl=en&as_sdt=2007&as_ylo=2020&as_yhi=2025"
0,"S Chaudhary","Security and Privacy in AI Systems",2025,"International Multidisciplinary Book Series","","","",63,"2026-05-16 00:25:03","CITATION","","",,,,,,0,0.00,0,1,1,"","","https://scholar.google.com/scholar?q=related:FRP_xfl-iCQJ:scholar.google.com/&scioq=%22multi+cloud+kubernetes%22+%22security%22%7C%22supply+chain%22&hl=en&as_sdt=2007&as_ylo=2020&as_yhi=2025"
0,"W Smith","Mizar Networks for Kubernetes: The Complete Guide for Developers and Engineers",2025,"","books.google.com","https://books.google.com/books?hl=en&lr=&id=z9yKEQAAQBAJ&oi=fnd&pg=PT9&dq=%22multi+cloud+kubernetes%22+%22security%22%7C%22supply+chain%22&ots=tdiIv5kuYY&sig=m54neHihN_FVp6gOdOwSeVr-aP8","",64,"2026-05-16 00:25:03","BOOK","","",,,,,,0,0.00,0,1,1,"… Network policies provide a flexible security layer without impeding the core network model, … With the rise of hybrid and multi-cloud Kubernetes deployments, CNIs face the arduous task …","","https://scholar.google.com/scholar?q=related:Q-SNFMwXLaoJ:scholar.google.com/&scioq=%22multi+cloud+kubernetes%22+%22security%22%7C%22supply+chain%22&hl=en&as_sdt=2007&as_ylo=2020&as_yhi=2025"
2,"J Kim, D Choi","Federated Identity Management for Multi-Cloud Kubernetes Environments",2021,"Computers &Security","","","https://scholar.google.com/scholar?cites=5289674947563920005&as_sdt=2005&sciodt=2007&hl=en",65,"2026-05-16 00:25:03","CITATION","","",,,,,,2,0.40,1,2,5,"","","https://scholar.google.com/scholar?q=related:hZrUwlazaEkJ:scholar.google.com/&scioq=%22multi+cloud+kubernetes%22+%22security%22%7C%22supply+chain%22&hl=en&as_sdt=2007&as_ylo=2020&as_yhi=2025"
1,"S Panchumarthi","A National Cyber Defense Framework: Architecting Federated, AI-Powered, Zero-Trust Security at Scale",2025,"","techrxiv.org","https://www.techrxiv.org/doi/abs/10.36227/techrxiv.175321961.11008476","https://scholar.google.com/scholar?cites=1389379282676424539&as_sdt=2005&sciodt=2007&hl=en",66,"2026-05-16 00:25:03","","10.36227/techrxiv.175321961.11008476","",,,,,,1,1.00,1,1,1,"… to ensure transparency and mitigate supply-chain risks. • Zero Trust Architecture (ZTA): Agencies are explicitly directed to transition to a Zero Trust security model, removing implicit trust …","https://www.techrxiv.org/doi/pdf/10.36227/techrxiv.175321961.11008476","https://scholar.google.com/scholar?q=related:Wx83qhgRSBMJ:scholar.google.com/&scioq=%22multi+cloud+kubernetes%22+%22security%22%7C%22supply+chain%22&hl=en&as_sdt=2007&as_ylo=2020&as_yhi=2025"
0,"R Maxwell","Monitoring and Process Automation via the Arc Control Plane",2024,"Azure Arc Systems Management: Governance and …","Springer","https://link.springer.com/chapter/10.1007/978-1-4842-9480-2_8","",67,"2026-05-16 00:25:03","","10.1007/978-1-4842-9480-2_8","",,,,,,0,0.00,0,1,2,"… ’s aggregated security expertise and that of the security … of maintaining large multi-cloud Kubernetes installations and … fleet to the security and supply chain protections needed to …","","https://scholar.google.com/scholar?q=related:xptUMIlv6dsJ:scholar.google.com/&scioq=%22multi+cloud+kubernetes%22+%22security%22%7C%22supply+chain%22&hl=en&as_sdt=2007&as_ylo=2020&as_yhi=2025"
0,"S Dikun, V Ayala-Rivera…","A Comparative Study of Security Mechanisms to Prevent Denial of Service (Dos) Attacks in Kubernetes",2025,"2025 13th …","ieeexplore.ieee.org","https://ieeexplore.ieee.org/abstract/document/11369745/","",68,"2026-05-16 00:25:03","","","",,,,,,0,0.00,0,3,1,"… validation to broaden the range of assessed security mechanisms, while also diversifying the … more effectively (eg, using hybrid and, potentially, multi-cloud Kubernetes environments). …","https://www.researchgate.net/profile/Omar-Portillo/publication/400517576_A_Comparative_Study_of_Security_Mechanisms_to_Prevent_Denial_of_Service_Dos_Attacks_in_Kubernetes/links/6988ca3d42f94d1212a83e27/A-Comparative-Study-of-Security-Mechanisms-to-Prevent-Denial-of-Service-Dos-Attacks-in-Kubernetes.pdf","https://scholar.google.com/scholar?q=related:DxlbMZvkNrkJ:scholar.google.com/&scioq=%22multi+cloud+kubernetes%22+%22security%22%7C%22supply+chain%22&hl=en&as_sdt=2007&as_ylo=2020&as_yhi=2025"
9,"D Santana, A Malik","Cloud Computing Demystified for Aspiring Professionals: Hone your skills in AWS, Azure, and Google cloud computing and boost your career as a cloud …",2023,"","books.google.com","https://books.google.com/books?hl=en&lr=&id=DqqzEAAAQBAJ&oi=fnd&pg=PP1&dq=%22multi+cloud+kubernetes%22+%22security%22%7C%22supply+chain%22&ots=G4E4i3VwkG&sig=S8OiWSBWXDeft1nJ7q0M6nh19BA","https://scholar.google.com/scholar?cites=3569736474197029140&as_sdt=2005&sciodt=2007&hl=en",69,"2026-05-16 00:25:03","BOOK","","",,,,,,9,3.00,5,2,3,"… resources including data lake services used in big data analytics — as well as when to use SQL and NoSQL databases and how to build microservices using multi-cloud Kubernetes …","","https://scholar.google.com/scholar?q=related:FPFE9mhAijEJ:scholar.google.com/&scioq=%22multi+cloud+kubernetes%22+%22security%22%7C%22supply+chain%22&hl=en&as_sdt=2007&as_ylo=2020&as_yhi=2025"
7,"G Malik","Integrating threat intelligence with DevSecOps: Automating risk mitigation before code hits production",2025,"Utilitas Mathematica","researchgate.net","https://www.researchgate.net/profile/Gaurav-Malik-17/publication/395022579_Integrating_Threat_Intelligence_with_DevSecOps_Automating_Risk_Mitigation_before_Code_Hits_Production/links/68b0dca4d9261f6f51afc973/Integrating-Threat-Intelligence-with-DevSecOps-Automating-Risk-Mitigation-before-Code-Hits-Production.pdf","https://scholar.google.com/scholar?cites=1104201459360418327&as_sdt=2005&sciodt=2007&hl=en",70,"2026-05-16 00:25:03","PDF","","",,,,,,7,7.00,7,1,1,"The combination of Threat Intelligence (TI) and DevSecOps pipelines allows organizations to automate risk reduction measures in the code before production. This paper outlines the …","https://www.researchgate.net/profile/Gaurav-Malik-17/publication/395022579_Integrating_Threat_Intelligence_with_DevSecOps_Automating_Risk_Mitigation_before_Code_Hits_Production/links/68b0dca4d9261f6f51afc973/Integrating-Threat-Intelligence-with-DevSecOps-Automating-Risk-Mitigation-before-Code-Hits-Production.pdf","https://scholar.google.com/scholar?q=related:F0qlgWDpUg8J:scholar.google.com/&scioq=%22multi+cloud+kubernetes%22+%22security%22%7C%22supply+chain%22&hl=en&as_sdt=2007&as_ylo=2020&as_yhi=2025"
22,"S Kamadi","Identity-Driven Zero Trust Automation in GitOps: Policy-as-Code Enforcement for Secure Code Deployments",2023,"International Journal of Scientific Research in …","researchgate.net","https://www.researchgate.net/profile/Sandeep-Kamadi/publication/398925800_Identity-Driven_Zero_Trust_Automation_in_GitOps_Policy-as-Code_Enforcement_for_Secure_code_Deployments/links/6948e21806a9ab54f848ff62/Identity-Driven-Zero-Trust-Automation-in-GitOps-Policy-as-Code-Enforcement-for-Secure-code-Deployments.pdf","https://scholar.google.com/scholar?cites=2689197609540417864&as_sdt=2005&sciodt=2007&hl=en",71,"2026-05-16 00:25:03","PDF","","",,,,,,22,7.33,22,1,3,"… 6.1 Security Effectiveness Security effectiveness … Security team involvement in routine deployment activities decreased by 78%, allowing security personnel to focus on strategic security …","https://www.researchgate.net/profile/Sandeep-Kamadi/publication/398925800_Identity-Driven_Zero_Trust_Automation_in_GitOps_Policy-as-Code_Enforcement_for_Secure_code_Deployments/links/6948e21806a9ab54f848ff62/Identity-Driven-Zero-Trust-Automation-in-GitOps-Policy-as-Code-Enforcement-for-Secure-code-Deployments.pdf","https://scholar.google.com/scholar?q=related:SHl8V_ryUSUJ:scholar.google.com/&scioq=%22multi+cloud+kubernetes%22+%22security%22%7C%22supply+chain%22&hl=en&as_sdt=2007&as_ylo=2020&as_yhi=2025"
0,"JR McAllister, ES Rodriguez","Big Data Warehouse Integration for Large-Scale Spoofing Threat Intelligence",2022,"","researchgate.net","https://www.researchgate.net/profile/Jummy-Johnson/publication/398346228_Big_Data_Warehouse_Integration_for_Large-Scale_Spoofing_Threat_Intelligence/links/6931e72506a9ab54f843fce0/Big-Data-Warehouse-Integration-for-Large-Scale-Spoofing-Threat-Intelligence.pdf","",72,"2026-05-16 00:25:03","PDF","","",,,,,,0,0.00,0,2,4,"… Traditional security solutions such as SIEM often rely on signature-based detection and static data sources, which are insufficient when dealing with the volume, velocity, and diversity of …","https://www.researchgate.net/profile/Jummy-Johnson/publication/398346228_Big_Data_Warehouse_Integration_for_Large-Scale_Spoofing_Threat_Intelligence/links/6931e72506a9ab54f843fce0/Big-Data-Warehouse-Integration-for-Large-Scale-Spoofing-Threat-Intelligence.pdf","https://scholar.google.com/scholar?q=related:8nes3SXMIcYJ:scholar.google.com/&scioq=%22multi+cloud+kubernetes%22+%22security%22%7C%22supply+chain%22&hl=en&as_sdt=2007&as_ylo=2020&as_yhi=2025"
2,"OS Cohen, E Malul, Y Meidan, D Mimran…","KubeGuard: LLM-Assisted Kubernetes Hardening via Configuration Files and Runtime Logs Analysis",2025,"arXiv preprint arXiv …","arxiv.org","https://arxiv.org/abs/2509.04191","https://scholar.google.com/scholar?cites=703695347767155444&as_sdt=2005&sciodt=2007&hl=en",73,"2026-05-16 00:25:03","","","",,,,,,2,2.00,0,5,1,"… applications has introduced significant security challenges, such … Most existing K8s security solutions focus on detecting … adopt to enhance cluster security. Our evaluation demonstrates …","https://arxiv.org/pdf/2509.04191?","https://scholar.google.com/scholar?q=related:9JrBwTAHxAkJ:scholar.google.com/&scioq=%22multi+cloud+kubernetes%22+%22security%22%7C%22supply+chain%22&hl=en&as_sdt=2007&as_ylo=2020&as_yhi=2025"
8,"SKR Vanama","AI Report-Federated AIOps for Multi-Cluster OpenShift",2025,"International Journal of AI, BigData, Computational …","ijaibdcms.org","https://ijaibdcms.org/index.php/ijaibdcms/article/view/336","https://scholar.google.com/scholar?cites=4429042107508809789&as_sdt=2005&sciodt=2007&hl=en",74,"2026-05-16 00:25:03","","","",,,,,,8,8.00,8,1,1,"… solutions used by enterprises because of its greater security level, scaling features, and ease … presented in large-scale, multi-cloud Kubernetes deployments are effectively addressed by …","https://ijaibdcms.org/index.php/ijaibdcms/article/download/336/334","https://scholar.google.com/scholar?q=related:PWBPqVQedz0J:scholar.google.com/&scioq=%22multi+cloud+kubernetes%22+%22security%22%7C%22supply+chain%22&hl=en&as_sdt=2007&as_ylo=2020&as_yhi=2025"
0,"M Agrawal, S Sudarsan","Operationalizing AI in Cloud-Native Systems: A DevSecOps Framework for Secure, Scalable, and Cost-Efficient Engineering",2025,"2025 International Conference on …","ieeexplore.ieee.org","https://ieeexplore.ieee.org/abstract/document/11431002/","",75,"2026-05-16 00:25:03","","","",,,,,,0,0.00,0,2,1,"… but lacks runtime security integration. Our framework embeds security gates and cost signals … We integrate autoscaling with security constraints (deny scale-up if pods violate policies) …","","https://scholar.google.com/scholar?q=related:szjmG_TqMwsJ:scholar.google.com/&scioq=%22multi+cloud+kubernetes%22+%22security%22%7C%22supply+chain%22&hl=en&as_sdt=2007&as_ylo=2020&as_yhi=2025"
0,"PR Tomas, S Silva, M Neto, J Proença, L Rosa…","Network Policy Enforcement in cloud-native environments",2025,"… Conference on Artificial …","Springer","https://link.springer.com/chapter/10.1007/978-3-031-97317-8_15","",76,"2026-05-16 00:25:03","","10.1007/978-3-031-97317-8_15","",,,,,,0,0.00,0,6,1,"… security in such complex domains poses several security and privacy challenges, including the correct enforcement of security … transaction between potential security applications and …","http://mosaic-lab.org/uploads/papers/52caa872-5817-44f0-93da-66a8e0fc9139.pdf","https://scholar.google.com/scholar?q=related:uQTxEDFLs_YJ:scholar.google.com/&scioq=%22multi+cloud+kubernetes%22+%22security%22%7C%22supply+chain%22&hl=en&as_sdt=2007&as_ylo=2020&as_yhi=2025"
0,"K Parashar, SK Jena, N Prabhakaran, N Raghu…","Detecting Bottlenecks in Multi-Cloud Interconnects Using Traceroute Variants",,"jisis.org","","https://jisis.org/wp-content/uploads/2025/11/2025.I4.013.pdf","",77,"2026-05-16 00:25:03","PDF","","",,,,,,0,0.00,0,5,,"The increasing use of multi-cloud infrastructures has created new difficulties in tracking and diagnosing performance issues across different cloud providers. Congestion in inter-domain …","https://jisis.org/wp-content/uploads/2025/11/2025.I4.013.pdf","https://scholar.google.com/scholar?q=related:8J-m3JDCI2sJ:scholar.google.com/&scioq=%22multi+cloud+kubernetes%22+%22security%22%7C%22supply+chain%22&hl=en&as_sdt=2007&as_ylo=2020&as_yhi=2025"
0,"S Jhingran, S Gupta, S Bhogal","Optimizing Scalability and Resilience in Digital Platforms Through Microservice Deployment Strategies",2025,"2025 12th International …","ieeexplore.ieee.org","https://ieeexplore.ieee.org/abstract/document/11241342/","",78,"2026-05-16 00:25:03","","","",,,,,,0,0.00,0,3,1,"… Similarly, disruption‑aware replanning for multi‑cloud Kubernetes deployments can save money without jeopardizing QoS [4]. Furthermore, API‑gateway integration with a focus on …","","https://scholar.google.com/scholar?q=related:gR9ueShBSXEJ:scholar.google.com/&scioq=%22multi+cloud+kubernetes%22+%22security%22%7C%22supply+chain%22&hl=en&as_sdt=2007&as_ylo=2020&as_yhi=2025"
6,"P Krishnan","Cloud-native data conversion for Medicare &Medicaid: A scalable foundation for analytics and AI",2025,"Journal of Tianjin University Science and Technology","researchgate.net","https://www.researchgate.net/profile/Ponnarasan-Krishnan-2/publication/395400591_CLOUD-NATIVE_DATA_CONVERSION_FOR_MEDICARE_MEDICAID_A_SCALABLE_FOUNDATION_FOR_ANALYTICS_AND_AI/links/68c1e3acc76fc271eb32f9aa/CLOUD-NATIVE-DATA-CONVERSION-FOR-MEDICARE-MEDICAID-A-SCALABLE-FOUNDATION-FOR-ANALYTICS-AND-AI.pdf","https://scholar.google.com/scholar?cites=7727634499385112716&as_sdt=2005&sciodt=2007&hl=en",79,"2026-05-16 00:25:03","PDF","","",,,,,,6,6.00,6,1,1,"… The architecture (as described in Section 4) was deployed within a multi-cloud Kubernetes setup using the following components: • Ingestion Layer: Data was pulled from synthetic …","https://www.researchgate.net/profile/Ponnarasan-Krishnan-2/publication/395400591_CLOUD-NATIVE_DATA_CONVERSION_FOR_MEDICARE_MEDICAID_A_SCALABLE_FOUNDATION_FOR_ANALYTICS_AND_AI/links/68c1e3acc76fc271eb32f9aa/CLOUD-NATIVE-DATA-CONVERSION-FOR-MEDICARE-MEDICAID-A-SCALABLE-FOUNDATION-FOR-ANALYTICS-AND-AI.pdf","https://scholar.google.com/scholar?q=related:jDjnaaISPmsJ:scholar.google.com/&scioq=%22multi+cloud+kubernetes%22+%22security%22%7C%22supply+chain%22&hl=en&as_sdt=2007&as_ylo=2020&as_yhi=2025"
2,"G Fontana, R Pecora","OpenShift Multi-Cluster Management Handbook",2022,"","sciendo.com","https://sciendo.com/2/v2/download/book/9781803246468.pdf?Token=eyJhbGciOiJIUzI1NiIsInR5cCI6IkpXVCJ9.eyJ1c2VycyI6W3sic3ViIjoyNTY3ODUxNywicHVicmVmIjoiNzY0NDg4IiwibmFtZSI6Ikdvb2dsZSBHb29nbGVib3QgLSBXZWIgQ3Jhd2xlciBTRU8iLCJ0eXBlIjoiaW5zdGl0dXRpb24iLCJsb2dvdXRfbGluayI6Imh0dHBzOi8vY29ubmVjdC5saWJseW54LmNvbS9sb2dvdXQvNjgxOWIzNzAwMTRjZmYzNWE5YThhZWZiZTEzZTllOWQiLCJhdXRoX21ldGhvZCI6ImlwIiwiaXAiOiI2Ni4yNDkuNzYuMTY3IiwiY291bnRlcnBhcnR5X2lkIjoiNzY0NDg4In1dLCJpYXQiOjE3NDY1MTY4NzIsImV4cCI6MTc0NzcyNjQ3Mn0.kCxN88n7QNdTK6hFmQ8PVMv10_NX7GJ4ff3G6hrzDAE","https://scholar.google.com/scholar?cites=14382786921543306545&as_sdt=2005&sciodt=2007&hl=en",80,"2026-05-16 00:25:03","BOOK","","",,,,,,2,0.50,1,2,4,"… We will look at Red Hat Advanced Cluster Security using practical examples in the last part … the best way to go if you are planning to adopt a hybrid or multi-cloud Kubernetes strategy. …","https://sciendo.com/2/v2/download/book/9781803246468.pdf?Token=eyJhbGciOiJIUzI1NiIsInR5cCI6IkpXVCJ9.eyJ1c2VycyI6W3sic3ViIjoyNTY3ODUxNywicHVicmVmIjoiNzY0NDg4IiwibmFtZSI6Ikdvb2dsZSBHb29nbGVib3QgLSBXZWIgQ3Jhd2xlciBTRU8iLCJ0eXBlIjoiaW5zdGl0dXRpb24iLCJsb2dvdXRfbGluayI6Imh0dHBzOi8vY29ubmVjdC5saWJseW54LmNvbS9sb2dvdXQvNjgxOWIzNzAwMTRjZmYzNWE5YThhZWZiZTEzZTllOWQiLCJhdXRoX21ldGhvZCI6ImlwIiwiaXAiOiI2Ni4yNDkuNzYuMTY3IiwiY291bnRlcnBhcnR5X2lkIjoiNzY0NDg4In1dLCJpYXQiOjE3NDY1MTY4NzIsImV4cCI6MTc0NzcyNjQ3Mn0.kCxN88n7QNdTK6hFmQ8PVMv10_NX7GJ4ff3G6hrzDAE","https://scholar.google.com/scholar?q=related:MQ25eoDsmccJ:scholar.google.com/&scioq=%22multi+cloud+kubernetes%22+%22security%22%7C%22supply+chain%22&hl=en&as_sdt=2007&as_ylo=2020&as_yhi=2025"
0,"P Venugopal","Advanced Automation in DevOps, SRE, and Platform Engineering: Driving Continuous Delivery and Operational Excellence",2025,"Journal Of Multidisciplinary","sarcouncil.com","https://sarcouncil.com/2025/08/advanced-automation-in-devops-sre-and-platform-engineering-driving-continuous-delivery-and-operational-excellence","",81,"2026-05-16 00:25:03","","","",,,,,,0,0.00,0,1,1,"… organizational best practices and security requirements at each … resource requests against security and compliance requirements, … Research on multi-cloud Kubernetes architectures …","https://sarcouncil.com/download-article/SJMD-277-2025-485-492.pdf","https://scholar.google.com/scholar?q=related:1AeDBM8TYAcJ:scholar.google.com/&scioq=%22multi+cloud+kubernetes%22+%22security%22%7C%22supply+chain%22&hl=en&as_sdt=2007&as_ylo=2020&as_yhi=2025"
0,"R Pandipati","Secure Code Deployments with Policy-as-Code Enforcement in Identity-Driven Zero Trust Automation in GitOps",2024,"","academia.edu","https://www.academia.edu/download/125374341/WJARR_2024_0790.pdf","",82,"2026-05-16 00:25:03","PDF","","",,,,,,0,0.00,0,1,2,"… Security team involvement in routine deployment activities decreased by 78%, allowing security personnel to focus on strategic security initiatives rather than operational …","https://www.academia.edu/download/125374341/WJARR_2024_0790.pdf","https://scholar.google.com/scholar?q=related:x-YJUSlDxF8J:scholar.google.com/&scioq=%22multi+cloud+kubernetes%22+%22security%22%7C%22supply+chain%22&hl=en&as_sdt=2007&as_ylo=2020&as_yhi=2025"
6,"WJ Wang","Achieving business scalability with composable enterprise architecture",2025,"IEEE Access","ieeexplore.ieee.org","https://ieeexplore.ieee.org/abstract/document/10978001/","https://scholar.google.com/scholar?cites=3412745952597990078&as_sdt=2005&sciodt=2007&hl=en",83,"2026-05-16 00:25:03","","","",,,,,,6,6.00,6,1,1,"… This architecture utilizes hybrid multi-cloud Kubernetes and container virtual resource pool to streamline the deployment and sharing of PBCs within the enterprise. Additionally, our …","https://ieeexplore.ieee.org/iel8/6287639/10820123/10978001.pdf","https://scholar.google.com/scholar?q=related:vlpBxVyCXC8J:scholar.google.com/&scioq=%22multi+cloud+kubernetes%22+%22security%22%7C%22supply+chain%22&hl=en&as_sdt=2007&as_ylo=2020&as_yhi=2025"
2,"V Basavegowda Ramu, AR Yeruva","The Capability of Observing Performance in Healthcare Systems",2023,"Computational Intelligence for …","Springer","https://link.springer.com/chapter/10.1007/978-3-031-23683-9_39","https://scholar.google.com/scholar?cites=5098905852896576738&as_sdt=2005&sciodt=2007&hl=en",84,"2026-05-16 00:25:03","","10.1007/978-3-031-23683-9_39","",,,,,,2,0.67,1,2,3,"… Initially, not many healthcare applications adopted cloud technology because of concerns over data and security. With time, as cloud computing matured and hybrid-cloud and multi-…","","https://scholar.google.com/scholar?q=related:4oQPqdvzwkYJ:scholar.google.com/&scioq=%22multi+cloud+kubernetes%22+%22security%22%7C%22supply+chain%22&hl=en&as_sdt=2007&as_ylo=2020&as_yhi=2025"
1,"W Rajput","Deciding on Digital Architectural Frameworks and Best Practices",2023,"Solutions Architecture: A Modern Approach to Cloud …","Springer","https://link.springer.com/chapter/10.1007/978-1-4842-9657-8_5","https://scholar.google.com/scholar?cites=15262900452021603849&as_sdt=2005&sciodt=2007&hl=en",85,"2026-05-16 00:25:03","","10.1007/978-1-4842-9657-8_5","",,,,,,1,0.33,1,1,3,"… Security: Cloud providers offer multiple security services to … , Security Command Center for unified asset and security data … Grid, which provides a multi-cloud Kubernetes runtime; Tanzu …","","https://scholar.google.com/scholar?q=related:CY7lRBi30NMJ:scholar.google.com/&scioq=%22multi+cloud+kubernetes%22+%22security%22%7C%22supply+chain%22&hl=en&as_sdt=2007&as_ylo=2020&as_yhi=2025"
52,"F Dai, MA Hossain, Y Wang","State of the art in parallel and distributed systems: Emerging trends and challenges",2025,"Electronics","mdpi.com","https://www.mdpi.com/2079-9292/14/4/677","https://scholar.google.com/scholar?cites=4785636078320352749&as_sdt=2005&sciodt=2007&hl=en",86,"2026-05-16 00:25:03","HTML","","",,,,,,52,52.00,17,3,1,"Driven by rapid advancements in interconnection, packaging, integration, and computing technologies, parallel and distributed systems have significantly evolved in recent years. These …","https://www.mdpi.com/2079-9292/14/4/677","https://scholar.google.com/scholar?q=related:7f2TaKj-aUIJ:scholar.google.com/&scioq=%22multi+cloud+kubernetes%22+%22security%22%7C%22supply+chain%22&hl=en&as_sdt=2007&as_ylo=2020&as_yhi=2025"
0,"LFA Santos","Orquestração personalizada de contêineres",2022,"","tede.unioeste.br","https://tede.unioeste.br/handle/tede/5996","",87,"2026-05-16 00:25:03","","","",,,,,,0,0.00,0,1,4,"… Na Seção 4.3 é apresentada a ferramenta de orquestração de contêineres em ecossistema multi-cloud Kubernetes, evidenciando o seu fluxo de etapas para realizar a disponibilização …","https://tede.unioeste.br/bitstream/tede/5996/5/Luiz_Santos2022.pdf","https://scholar.google.com/scholar?q=related:nqwRZWNG7VsJ:scholar.google.com/&scioq=%22multi+cloud+kubernetes%22+%22security%22%7C%22supply+chain%22&hl=en&as_sdt=2007&as_ylo=2020&as_yhi=2025"
3,"O Ulyanov, M Schwartzman, H Sanku","VMware Cloud on AWS Blueprint: Design, automate, and migrate VMware workloads on AWS global infrastructure",2024,"","books.google.com","https://books.google.com/books?hl=en&lr=&id=wYvyEAAAQBAJ&oi=fnd&pg=PP1&dq=%22multi+cloud+kubernetes%22+%22security%22%7C%22supply+chain%22&ots=wjtFs58pXS&sig=_dEcBLHTj0KOGpV3hjCW5UN72RQ","https://scholar.google.com/scholar?cites=7370330503393137273&as_sdt=2005&sciodt=2007&hl=en",88,"2026-05-16 00:25:03","BOOK","","",,,,,,3,1.50,1,3,2,"… , customers achieve security and compliance through existing security procedures and tools. … VMware Tanzu Mission Control (TMC) is a SaaS offering for multi-cloud Kubernetes cluster …","","https://scholar.google.com/scholar?q=related:eVL5C4usSGYJ:scholar.google.com/&scioq=%22multi+cloud+kubernetes%22+%22security%22%7C%22supply+chain%22&hl=en&as_sdt=2007&as_ylo=2020&as_yhi=2025"
0,"K Machap","Scalable Governance Frameworks for Enterprise Architecture Supporting Oracle Cloud DBAs Serverless Data Pipelines and Proactive API Threat Mitigation",2025,"International Journal of Engineering &Extended …","ijeetr.com","https://www.ijeetr.com/index.php/ijeetr/article/view/274","",89,"2026-05-16 00:25:03","","","",,,,,,0,0.00,0,1,1,"… , where compliance, security, and operational policies are codified and integrated into CI/CD pipelines. Automated testing of policies, access configurations, and security rules ensures …","https://www.ijeetr.com/index.php/ijeetr/article/download/274/255","https://scholar.google.com/scholar?q=related:JhatnS-rbwMJ:scholar.google.com/&scioq=%22multi+cloud+kubernetes%22+%22security%22%7C%22supply+chain%22&hl=en&as_sdt=2007&as_ylo=2020&as_yhi=2025"
1,"MSM Mota, LFSR Soares, VAP Cavichioli…","Case study of an interdisciplinary academic project for reading fluency analysis",2024,"International Conference …","Springer","https://link.springer.com/chapter/10.1007/978-3-031-56599-1_28","https://scholar.google.com/scholar?cites=5531441279415186022&as_sdt=2005&sciodt=2007&hl=en",90,"2026-05-16 00:25:03","","10.1007/978-3-031-56599-1_28","",,,,,,1,0.50,0,4,2,"… Achieve unified management and governance for on-premises, edge, and multi-cloud Kubernetes clusters. Interoperate with Azure’s security, identity, cost management, and migration …","","https://scholar.google.com/scholar?q=related:ZnJ5a4mgw0wJ:scholar.google.com/&scioq=%22multi+cloud+kubernetes%22+%22security%22%7C%22supply+chain%22&hl=en&as_sdt=2007&as_ylo=2020&as_yhi=2025"
0,"F Gallo","Sistemi di gestione multi-cluster: Controllo e gestione di orchestratori distribuiti= Multi-cluster management systems: Control and management of distributed …",2021,"","webthesis.biblio.polito.it","https://webthesis.biblio.polito.it/20580/","",91,"2026-05-16 00:25:03","","","",,,,,,0,0.00,0,1,5,"Nel 2021, il 78% delle aziende IT basa i propri servizi sul cloud ibrido, utilizzando insieme piattaforme private (vSphere), server bare-metal e uno o più piattaforme pubbliche grazie ai …","https://webthesis.biblio.polito.it/secure/20580/1/tesi.pdf","https://scholar.google.com/scholar?q=related:PHTL-98VcaEJ:scholar.google.com/&scioq=%22multi+cloud+kubernetes%22+%22security%22%7C%22supply+chain%22&hl=en&as_sdt=2007&as_ylo=2020&as_yhi=2025"
0,"P Liu, JO Torra, M Palacín, M Dalgitsis…","Mobility Usecase: Intelligent Service Migration in Cloud-Edge Continuum",2025,"2025 IEEE 33rd …","ieeexplore.ieee.org","https://ieeexplore.ieee.org/abstract/document/11192452/","",92,"2026-05-16 00:25:03","","","",,,,,,0,0.00,0,5,1,"… One of the critical challenges faced by Cellnex is the efficient management of their VA services, which are essential for various applications such as security monitoring and traffic …","https://upcommons.upc.edu/bitstreams/7c1c3627-b974-4dc8-a4e2-4147e15584ab/download","https://scholar.google.com/scholar?q=related:ToWBScIebj4J:scholar.google.com/&scioq=%22multi+cloud+kubernetes%22+%22security%22%7C%22supply+chain%22&hl=en&as_sdt=2007&as_ylo=2020&as_yhi=2025"
3,"Y Aldwyan","Intelligent Scaling of Container-based Web Applications in Geographically Distributed Clouds.",2021,"","minerva-access.unimelb.edu.au","https://minerva-access.unimelb.edu.au/bitstreams/00363027-b863-51c1-80ef-b1312e2dd0c5/download","https://scholar.google.com/scholar?cites=5570454063290772259&as_sdt=2005&sciodt=2007&hl=en",93,"2026-05-16 00:25:03","PDF","","",,,,,,3,0.60,3,1,5,"… Google Anthos [146] is another multi-cluster, multi-Cloud Kubernetes management platform. It provides the ability to manage Kubernetes clusters across multiple Clouds and facilitates …","https://minerva-access.unimelb.edu.au/bitstreams/00363027-b863-51c1-80ef-b1312e2dd0c5/download","https://scholar.google.com/scholar?q=related:I-sTAHU6Tk0J:scholar.google.com/&scioq=%22multi+cloud+kubernetes%22+%22security%22%7C%22supply+chain%22&hl=en&as_sdt=2007&as_ylo=2020&as_yhi=2025"
0,"A Mahgoub","From monolith to microservices: building scalable applications with Kubernetes, CI/CD, and chaos engineering",2025,"","theseus.fi","https://www.theseus.fi/handle/10024/887394","",94,"2026-05-16 00:25:03","","","",,,,,,0,0.00,0,1,1,"This thesis explores the development and resilience evaluation of an application designed using a microservices architecture and deployed on a local Kubernetes cluster. The primary …","https://www.theseus.fi/bitstream/handle/10024/887394/Mahgoub_Ahmed.pdf?sequence=2","https://scholar.google.com/scholar?q=related:AtOTne-E23wJ:scholar.google.com/&scioq=%22multi+cloud+kubernetes%22+%22security%22%7C%22supply+chain%22&hl=en&as_sdt=2007&as_ylo=2020&as_yhi=2025"
0,"WA Bird, BA Wuest, MAR CARLE, BJ Peters…","Cloud security control platform that enforces scope-based security controls",2025,"US Patent …","Google Patents","https://patents.google.com/patent/US12218982B1/en","",95,"2026-05-16 00:25:03","","","",,,,,,0,0.00,0,5,1,"… for network security for managing network security; network security policies in general … multi-cloud Kubernetes: Security strategies for the modern enterprise Pascu 2013 Security …","","https://scholar.google.com/scholar?q=related:ToSPjhYBfGQJ:scholar.google.com/&scioq=%22multi+cloud+kubernetes%22+%22security%22%7C%22supply+chain%22&hl=en&as_sdt=2007&as_ylo=2020&as_yhi=2025"
1,"A Janach","Comparison of Orchestration Systems for Microservices Applications",2024,"","Sveučilište u Rijeci, Fakultet …","","https://scholar.google.com/scholar?cites=8003399084811223286&as_sdt=2005&sciodt=2007&hl=en",96,"2026-05-16 00:25:03","CITATION","","",,,,,,1,0.50,1,1,2,"","","https://scholar.google.com/scholar?q=related:9gDcVRDJEW8J:scholar.google.com/&scioq=%22multi+cloud+kubernetes%22+%22security%22%7C%22supply+chain%22&hl=en&as_sdt=2007&as_ylo=2020&as_yhi=2025"
0,"A Janach","Usporedba sustava za orkestraciju mikrouslužnih aplikacija",2024,"","repository.inf.uniri.hr","https://repository.inf.uniri.hr/object/infri:1316","",97,"2026-05-16 00:25:03","","","",,,,,,0,0.00,0,1,2,"… This isolation enhances security and simplifies the process of scaling and managing … Enforcing security policies and best practices to protect applications and data is a key function of …","https://repository.inf.uniri.hr/object/infri:1316/FILE0/download","https://scholar.google.com/scholar?q=related:GxX8zQfN3MYJ:scholar.google.com/&scioq=%22multi+cloud+kubernetes%22+%22security%22%7C%22supply+chain%22&hl=en&as_sdt=2007&as_ylo=2020&as_yhi=2025"
0,"S Hinterholzer, I Merz, R Hintemann, S Beucker…","D7. 1MARKET ANALYSIS",2022,"","","","",98,"2026-05-16 00:25:03","CITATION","","",,,,,,0,0.00,0,5,4,"","","https://scholar.google.com/scholar?q=related:f2A_l2bK2WcJ:scholar.google.com/&scioq=%22multi+cloud+kubernetes%22+%22security%22%7C%22supply+chain%22&hl=en&as_sdt=2007&as_ylo=2020&as_yhi=2025"
0,"MSM Mota, LFS Soares, VAP Cavichioli…","Gildarcio Sousa Goncalves, Adilson Marques da Cunha, Luiz Alberto Vieira Dias, Lineu Fernando Stege Mialaret, and Johnny Cardoso Marques",2024,"ITNG 2024: 21st …","books.google.com","https://books.google.com/books?hl=en&lr=&id=bw0TEQAAQBAJ&oi=fnd&pg=PA204&dq=%22multi+cloud+kubernetes%22+%22security%22%7C%22supply+chain%22&ots=cn2kdcQ-rF&sig=6f_f5MRKVXQU_vpeyYQfe2_90y8","",99,"2026-05-16 00:25:03","","","",,,,,,0,0.00,0,4,2,"… Achieve unified management and governance for on-premises, edge, and multi-cloud Kubernetes clusters. Interoperate with Azure’s security, identity, cost management, and migration …","","https://scholar.google.com/scholar?q=related:yWZ21-2Yw4EJ:scholar.google.com/&scioq=%22multi+cloud+kubernetes%22+%22security%22%7C%22supply+chain%22&hl=en&as_sdt=2007&as_ylo=2020&as_yhi=2025"
0,"D Rilegård","Möjliga säkerhetsmetoder för en multitenant OpenShift-miljö",2022,"","diva-portal.org","https://www.diva-portal.org/smash/record.jsf?pid=diva2:1678517","",100,"2026-05-16 00:25:03","","","",,,,,,0,0.00,0,1,4,"… However, it creates security issues as leaks between applications must be prevented. Based on discussions with experts in OpenShift, this study has tried to identify the security issues …","https://www.diva-portal.org/smash/get/diva2:1678517/FULLTEXT01.pdf","https://scholar.google.com/scholar?q=related:7du5lHcFH0MJ:scholar.google.com/&scioq=%22multi+cloud+kubernetes%22+%22security%22%7C%22supply+chain%22&hl=en&as_sdt=2007&as_ylo=2020&as_yhi=2025"
0,"S Whitmore, L Stevens, J Carter, BT Hollands, AM Ruiz…","Explainable AI Models for Compliance Governance in Enterprise Linux Operations",2025,"","researchgate.net","https://www.researchgate.net/profile/Alistair-Finch-2/publication/404724005_Explainable_AI_Models_for_Compliance_Governance_in_Enterprise_Linux_Operations/links/6a01edf039e45e75a6dc6827/Explainable-AI-Models-for-Compliance-Governance-in-Enterprise-Linux-Operations.pdf","",101,"2026-05-16 00:25:03","PDF","","",,,,,,0,0.00,0,6,1,"… Enterprise Linux operations are governed by security and compliance benchmarks such as … ) extending the framework to multi-cloud Kubernetes environments running Linux containers. …","https://www.researchgate.net/profile/Alistair-Finch-2/publication/404724005_Explainable_AI_Models_for_Compliance_Governance_in_Enterprise_Linux_Operations/links/6a01edf039e45e75a6dc6827/Explainable-AI-Models-for-Compliance-Governance-in-Enterprise-Linux-Operations.pdf","https://scholar.google.com/scholar?q=related:TZF-eA5xGwUJ:scholar.google.com/&scioq=%22multi+cloud+kubernetes%22+%22security%22%7C%22supply+chain%22&hl=en&as_sdt=2007&as_ylo=2020&as_yhi=2025"
0,"M Calo","Attacking Containerized Systems and Infrastructures",2022,"","webthesis.biblio.polito.it","https://webthesis.biblio.polito.it/24511/","",102,"2026-05-16 00:25:03","","","",,,,,,0,0.00,0,1,4,"… Per la gestione della run-time security all'interno del Response Engine si è scelto di utilizzare Falco e il suo plug-in Falco Sidekick. Il primo ha il compito di generare degli alerts da …","https://webthesis.biblio.polito.it/secure/24511/1/tesi.pdf","https://scholar.google.com/scholar?q=related:m0aY4KTnd74J:scholar.google.com/&scioq=%22multi+cloud+kubernetes%22+%22security%22%7C%22supply+chain%22&hl=en&as_sdt=2007&as_ylo=2020&as_yhi=2025"
7,"K Thangavelu, GR Muthirevula…","Kubernetes Migration in Regulated Industries: Transitioning from VMware Tanzu to Azure Kubernetes Service (AKS)",2023,"Los Angeles Journal of …","lajispr.org","http://lajispr.org/index.php/publication/article/view/17","https://scholar.google.com/scholar?cites=4740412308116100806&as_sdt=2005&sciodt=2007&hl=en",103,"2026-05-16 00:25:03","","","",,,,,,7,2.33,2,3,3,"Kubernetes migration in industries creates unique challenges especially when shifting from VMware Tanzu to Azure Kubernetes Service (AKS). Enterprises are rapidly adapting to AKS …","","https://scholar.google.com/scholar?q=related:xlYm4uBTyUEJ:scholar.google.com/&scioq=%22multi+cloud+kubernetes%22+%22security%22%7C%22supply+chain%22&hl=en&as_sdt=2007&as_ylo=2020&as_yhi=2025"
4,"C Luca","High availability, fault tolerance, and disaster recovery strategies",2025,"Research Gate. https://www. researchgate. net …","researchgate.net","https://www.researchgate.net/profile/Charlie-Luca/publication/388527642_High_Availability_Fault_Tolerance_and_Disaster_Recovery_Strategies/links/679c06a9207c0c20fa6add14/High-Availability-Fault-Tolerance-and-Disaster-Recovery-Strategies.pdf","https://scholar.google.com/scholar?cites=14563731853171482120&as_sdt=2005&sciodt=2007&hl=en",104,"2026-05-16 00:25:03","PDF","","",,,,,,4,4.00,4,1,1,"… Together, these strategies play a vital role in maintaining the integrity, availability, and security of IT systems, ensuring that businesses can function smoothly and recover rapidly in the …","https://www.researchgate.net/profile/Charlie-Luca/publication/388527642_High_Availability_Fault_Tolerance_and_Disaster_Recovery_Strategies/links/679c06a9207c0c20fa6add14/High-Availability-Fault-Tolerance-and-Disaster-Recovery-Strategies.pdf","https://scholar.google.com/scholar?q=related:CN5TYPXEHMoJ:scholar.google.com/&scioq=%22multi+cloud+kubernetes%22+%22security%22%7C%22supply+chain%22&hl=en&as_sdt=2007&as_ylo=2020&as_yhi=2025"
0,"J Marino","Dynamic Provisioning and Run-time Optimization of Cloud Workloads.",2022,"","webthesis.biblio.polito.it","https://webthesis.biblio.polito.it/24479/","",105,"2026-05-16 00:25:03","","","",,,,,,0,0.00,0,1,4,"Cloud computing has become very important nowadays for companies, and many of them started offloading job computations instead of increasing the on-premise capacity: the …","https://webthesis.biblio.polito.it/secure/24479/1/tesi.pdf","https://scholar.google.com/scholar?q=related:DLmZbuKyB2YJ:scholar.google.com/&scioq=%22multi+cloud+kubernetes%22+%22security%22%7C%22supply+chain%22&hl=en&as_sdt=2007&as_ylo=2020&as_yhi=2025"
0,"T Suoniemi","Sovelluskonttien hallinta",2022,"","theseus.fi","https://www.theseus.fi/handle/10024/755891","",106,"2026-05-16 00:25:03","","","",,,,,,0,0.00,0,1,4,"… Red Hat's OpenShift product is a management system used by many large companies and especially focused on information security. Azure Container Apps is Microsoft's latest service …","https://www.theseus.fi/bitstream/handle/10024/755891/Suoniemi_Tuomas.pdf?sequence=2","https://scholar.google.com/scholar?q=related:FXToTD4LY90J:scholar.google.com/&scioq=%22multi+cloud+kubernetes%22+%22security%22%7C%22supply+chain%22&hl=en&as_sdt=2007&as_ylo=2020&as_yhi=2025"
0,"NKKP Chandrasekaran, B Girgis","Managing security for application deployment",2025,"US Patent App. 18/404,019","Google Patents","https://patents.google.com/patent/US20250225250A1/en","",107,"2026-05-16 00:25:03","","","",,,,,,0,0.00,0,2,1,"… Security 190 may implement systems and security protocols to manage user/service/application authentication and authorization to secure and protect resources in the cluster …","","https://scholar.google.com/scholar?q=related:kz-i7S4vLfIJ:scholar.google.com/&scioq=%22multi+cloud+kubernetes%22+%22security%22%7C%22supply+chain%22&hl=en&as_sdt=2007&as_ylo=2020&as_yhi=2025"
0,"TP Chmara, X Guarch, M OUNSWORTH…","Secure update of dynamic configuration in containerized execution environment",2025,"US Patent …","Google Patents","https://patents.google.com/patent/US12450355B2/en","",108,"2026-05-16 00:25:03","","","",,,,,,0,0.00,0,4,1,"… examples where the application executing within the application container 112 is a secure enterprise application, that secure enterprise application may be configured to issue security …","","https://scholar.google.com/scholar?q=related:cE8nrJp2Ep8J:scholar.google.com/&scioq=%22multi+cloud+kubernetes%22+%22security%22%7C%22supply+chain%22&hl=en&as_sdt=2007&as_ylo=2020&as_yhi=2025"
0,"I Mindel, AN Katz, B Tabibian…","Isolated arena environment instantiation for asynchronous content delivery",2023,"US Patent App. 18 …","Google Patents","https://patents.google.com/patent/US20230244518A1/en","",109,"2026-05-16 00:25:03","","","",,,,,,0,0.00,0,4,3,"… SECURITY INTEREST (SEE DOCUMENT FOR DETAILS). Assignors: HACKERUSA INC … file to update the software packages installed in the dockers, or to apply security patches. …","","https://scholar.google.com/scholar?q=related:jgnanw4nAJYJ:scholar.google.com/&scioq=%22multi+cloud+kubernetes%22+%22security%22%7C%22supply+chain%22&hl=en&as_sdt=2007&as_ylo=2020&as_yhi=2025"
3,"J Dennis, RMA Razack","Robotic process automation system with device user impersonation",2023,"US Patent App. 18/094,305","Google Patents","https://patents.google.com/patent/US20230153136A1/en","https://scholar.google.com/scholar?cites=18242814232682584430&as_sdt=2005&sciodt=2007&hl=en",110,"2026-05-16 00:25:03","","","",,,,,,3,1.00,2,2,3,"… G06F2221/21—Indexing scheme relating to G06F21/00 and subgroups addressing additional information or applications relating to security arrangements for protecting computers, …","","https://scholar.google.com/scholar?q=related:bll82uN-K_0J:scholar.google.com/&scioq=%22multi+cloud+kubernetes%22+%22security%22%7C%22supply+chain%22&hl=en&as_sdt=2007&as_ylo=2020&as_yhi=2025"
0,"M Crouse","System and user interface of a user device for managing tokens associated with a user",2024,"US Patent 11,887,108","Google Patents","https://patents.google.com/patent/US11887108B2/en","",111,"2026-05-16 00:25:03","","","",,,,,,0,0.00,0,1,2,"US11887108B2 - System and user interface of a user device for managing tokens associated with a user - Google Patents US11887108B2 - System and user interface of a user device …","","https://scholar.google.com/scholar?q=related:RoCFCyw2aFUJ:scholar.google.com/&scioq=%22multi+cloud+kubernetes%22+%22security%22%7C%22supply+chain%22&hl=en&as_sdt=2007&as_ylo=2020&as_yhi=2025"
0,"S Biswas","RANSOMWARE PROPAGATION MODELING IN INDUSTRIAL CONTROL SYSTEMS (ICS) NETWORKS",2025,"International Multidisciplinary Book Series","ibseries.com","https://ibseries.com/index.php/IMBS/article/view/45","",112,"2026-05-16 00:25:03","","","",,,,,,0,0.00,0,1,1,"Industrial Control Systems (ICS) are critical components of modern infrastructure, including power grids, manufacturing plants, and water treatment facilities. With increasing connectivity …","","https://scholar.google.com/scholar?q=related:ncBQizfhyw0J:scholar.google.com/&scioq=%22multi+cloud+kubernetes%22+%22security%22%7C%22supply+chain%22&hl=en&as_sdt=2007&as_ylo=2020&as_yhi=2025"
