"Cites","Authors","Title","Year","Source","Publisher","ArticleURL","CitesURL","GSRank","QueryDate","Type","DOI","ISSN","CitationURL","Volume","Issue","StartPage","EndPage","ECC","CitesPerYear","CitesPerAuthor","AuthorCount","Age","Abstract","FullTextURL","RelatedURL","QueryNum","QueryLabel","TitleNorm","TA_Decision","TA_Reason","Q1","Q2","Q3","Q4","Q5","Total","KH_Decision"
"26","N Pecka, L Ben Othmane, A Valani","Privilege escalation attack scenarios on the devops pipeline within a kubernetes environment","2022.0","Proceedings of the International …","dl.acm.org","https://dl.acm.org/doi/abs/10.1145/3529320.3529325","https://scholar.google.com/scholar?cites=5978469732360500399&as_sdt=2005&sciodt=2007&hl=en","4","2026-05-16 00:47:45","","10.1145/3529320.3529325","","","","","","","26","6.5","9","3","4.0","Companies are misled into thinking they solve their security issues by using tooling that is advertised as aligning with DevSecOps principles. This paper aims to answer the question: …","https://dl.acm.org/doi/pdf/10.1145/3529320.3529325","https://scholar.google.com/scholar?q=related:r7TF2YvK91IJ:scholar.google.com/&scioq=%22software+supply+chain+security%22%7C%22supply+chain+attacks%22+%22kubernetes+security%22%7C%22kubernetes+admission+control%22&hl=en&as_sdt=2007&as_ylo=2020&as_yhi=2025","1","Q01","privilege escalation attack scenarios on the devops pipeline within a kubernetes environment","INCLUDE","Title: sec+cloud pair","1.0","1.0","0.5","1.0","0.5","4.0","INCLUDE"
"39","A Blaise, F Rebecchi","Stay at the Helm: secure Kubernetes deployments via graph generation and attack reconstruction","2022.0","2022 IEEE 15th International …","ieeexplore.ieee.org","https://ieeexplore.ieee.org/abstract/document/9860863/","https://scholar.google.com/scholar?cites=5246998749449423299&as_sdt=2005&sciodt=2007&hl=en","28","2026-05-16 00:47:45","","","","","","","","","39","9.75","20","2","4.0","… This is possible by exploiting eg, supply-chain attacks, vulnerabilities present in K8s, or in containerisation technologies. To model this situation, a parameter 𝜔 is introduced to …","https://hal.science/hal-03705672/file/Reconstruction_model_Kubernetes.pdf","https://scholar.google.com/scholar?q=related:wwnaFZAV0UgJ:scholar.google.com/&scioq=%22software+supply+chain+security%22%7C%22supply+chain+attacks%22+%22kubernetes+security%22%7C%22kubernetes+admission+control%22&hl=en&as_sdt=2007&as_ylo=2020&as_yhi=2025","1","Q01","stay at the helm: secure kubernetes deployments via graph generation and attack reconstruction","INCLUDE","Title: sec+cloud pair","1.0","0.5","0.5","1.0","0.5","3.5","INCLUDE"
"6","S Dhandapani","Enhancing Software Supply Chain Security Through STRIDE-Based Threat Modelling of CI/CD Pipelines","2025.0","arXiv preprint arXiv:2506.06478","arxiv.org","https://arxiv.org/abs/2506.06478","https://scholar.google.com/scholar?cites=4472065920443540221&as_sdt=2005&sciodt=2007&hl=en","19","2026-05-16 00:47:36","","","","","","","","","6","6.0","6","1","1.0","… When implemented, image signing tools such as Sigstore Cosign or Docker Notary are used to generate cryptographic signatures for container images, providing assurances about the …","https://arxiv.org/pdf/2506.06478","https://scholar.google.com/scholar?q=related:_eIquEL4Dz4J:scholar.google.com/&scioq=%22software+supply+chain+security%22%7C%22supply+chain+attacks%22+%22cryptographic+signing%22%7C%22container+image+signing%22%7C%22sigstore+cosign%22&hl=en&as_sdt=2007&as_ylo=2020&as_yhi=2025","2","Q02","enhancing software supply chain security through stride-based threat modelling of ci/cd pipelines","INCLUDE","Title specific term","1.0","0.5","1.0","0.5","0.5","3.5","INCLUDE"
"11","S Torres-Arias","In-toto: Practical software supply chain security","2020.0","","search.proquest.com","https://search.proquest.com/openview/82abb3bfd6909db8aa41fc6dcb265478/1?pq-origsite=gscholar&cbl=18750&diss=y","https://scholar.google.com/scholar?cites=796635948162649648&as_sdt=2005&sciodt=2007&hl=en","1","2026-05-16 00:47:28","BOOK","","","","","","","","11","1.83","11","1","6.0","… in-toto, a framework that cryptographically ensures the integrity of the software supply chain. To do this, in-toto … In addition, in-toto has been widely used by the time of this publication, as …","https://search.proquest.com/openview/82abb3bfd6909db8aa41fc6dcb265478/1?pq-origsite=gscholar&cbl=18750&diss=y","https://scholar.google.com/scholar?q=related:MI6KkSw4DgsJ:scholar.google.com/&scioq=%22software+supply+chain+security%22%7C%22supply+chain+attacks%22+%22provenance+verification%22%7C%22slsa+provenance%22%7C%22in+toto%22&hl=en&as_sdt=2007&as_ylo=2020&as_yhi=2025","3","Q03","in-toto: practical software supply chain security","INCLUDE","Title specific term","1.0","0.5","1.0","0.5","0.5","3.5","INCLUDE"
"97","L Williams, G Benedetti, S Hamer, R Paramitha…","Research directions in software supply chain security","2025.0","ACM Transactions on …","dl.acm.org","https://dl.acm.org/doi/abs/10.1145/3714464","https://scholar.google.com/scholar?cites=6747948777663840487&as_sdt=2005&sciodt=2007&hl=en","5","2026-05-16 00:47:28","","10.1145/3714464","","","","","","","97","97.0","19","5","1.0","… supply chain attacks include the SolarWinds, log4j, and xz utils incidents. Supply chain attacks are … , notably as the tool provides the integrity guarantees used for SLSA provenance. …","https://dl.acm.org/doi/pdf/10.1145/3714464","https://scholar.google.com/scholar?q=related:50AvP6mHpV0J:scholar.google.com/&scioq=%22software+supply+chain+security%22%7C%22supply+chain+attacks%22+%22provenance+verification%22%7C%22slsa+provenance%22%7C%22in+toto%22&hl=en&as_sdt=2007&as_ylo=2020&as_yhi=2025","3","Q03","research directions in software supply chain security","INCLUDE","Title specific term","1.0","1.0","0.5","1.0","0.5","4.0","INCLUDE"
"110","C Okafor, TR Schorlemmer, S Torres-Arias…","Sok: Analysis of software supply chain security by establishing secure design properties","2022.0","Proceedings of the 2022 …","dl.acm.org","https://dl.acm.org/doi/abs/10.1145/3560835.3564556","https://scholar.google.com/scholar?cites=5907256914104097787&as_sdt=2005&sciodt=2007&hl=en","7","2026-05-16 00:47:28","","10.1145/3560835.3564556","","","","","","","110","27.5","28","4","4.0","… Next, we provide a four stage attack pattern for software supply chain attacks (§3.1). Then, … in-toto as a case study for the implementation of security properties proposed in §3.2. In-toto …","https://dl.acm.org/doi/pdf/10.1145/3560835.3564556","https://scholar.google.com/scholar?q=related:-xslit3K-lEJ:scholar.google.com/&scioq=%22software+supply+chain+security%22%7C%22supply+chain+attacks%22+%22provenance+verification%22%7C%22slsa+provenance%22%7C%22in+toto%22&hl=en&as_sdt=2007&as_ylo=2020&as_yhi=2025","3","Q03","sok: analysis of software supply chain security by establishing secure design properties","INCLUDE","Title specific term","1.0","1.0","1.0","1.0","0.5","4.5","INCLUDE"
"37","A Andreoli, A Lounis, M Debbabi, A Hanna","On the prevalence of software supply chain attacks: Empirical study and investigative framework","2023.0","Forensic Science International …","Elsevier","https://www.sciencedirect.com/science/article/pii/S2666281723000094","https://scholar.google.com/scholar?cites=14615374025067093852&as_sdt=2005&sciodt=2007&hl=en","10","2026-05-16 00:47:28","","","","","","","","","37","12.33","9","4","3.0","Software Supply Chain Attacks (SSCAs) typically compromise hosts through trusted but infected software. The intent of this paper is twofold: First, we present an empirical study of the …","https://www.dfrws.org/wp-content/uploads/2023/03/On_the_prevalence_of_software_supply_chain_attacks_Empirical_study.pdf","https://scholar.google.com/scholar?q=related:XF-Yfz091MoJ:scholar.google.com/&scioq=%22software+supply+chain+security%22%7C%22supply+chain+attacks%22+%22provenance+verification%22%7C%22slsa+provenance%22%7C%22in+toto%22&hl=en&as_sdt=2007&as_ylo=2020&as_yhi=2025","3","Q03","on the prevalence of software supply chain attacks: empirical study and investigative framework","INCLUDE","Title specific term","1.0","0.5","1.0","1.0","0.5","4.0","INCLUDE"
"19","E Bandara, S Shetty, A Rahman…","Let'sTrace—Blockchain, Federated Learning and TUF/In-ToTo Enabled Cyber Supply Chain Provenance Platform","2021.0","MILCOM 2021-2021 …","ieeexplore.ieee.org","https://ieeexplore.ieee.org/abstract/document/9653024/","https://scholar.google.com/scholar?cites=4031054554426176258&as_sdt=2005&sciodt=2007&hl=en","21","2026-05-16 00:47:28","","","","","","","","","19","3.8","5","4","5.0","… In-ToTo frameworks and how they are implemented as the secure software update system which can verify the software update and use In-ToTo … address cyber supply chain attacks. …","","https://scholar.google.com/scholar?q=related:AvPKgsIu8TcJ:scholar.google.com/&scioq=%22software+supply+chain+security%22%7C%22supply+chain+attacks%22+%22provenance+verification%22%7C%22slsa+provenance%22%7C%22in+toto%22&hl=en&as_sdt=2007&as_ylo=2020&as_yhi=2025","3","Q03","let'strace—blockchain, federated learning and tuf/in-toto enabled cyber supply chain provenance platform","INCLUDE","Title specific term","1.0","0.5","1.0","0.5","0.5","3.5","INCLUDE"
"17","BM Reichert, RR Obelheiro","Software supply chain security: a systematic literature review","2024.0","International Journal of Computers …","Taylor &Francis","https://www.tandfonline.com/doi/abs/10.1080/1206212X.2024.2390978","https://scholar.google.com/scholar?cites=14891859159222056313&as_sdt=2005&sciodt=2007&hl=en","22","2026-05-16 00:47:28","","10.1080/1206212X.2024.2390978","","","","","","","17","8.5","9","2","2.0","… This paper aims to describe the state-of-the-art of software supply chain security through a systematic … TUF/in-totoFootnote 2 framework that enables software supply chain provenance. …","","https://scholar.google.com/scholar?q=related:efWTPgGDqs4J:scholar.google.com/&scioq=%22software+supply+chain+security%22%7C%22supply+chain+attacks%22+%22provenance+verification%22%7C%22slsa+provenance%22%7C%22in+toto%22&hl=en&as_sdt=2007&as_ylo=2020&as_yhi=2025","3","Q03","software supply chain security: a systematic literature review","INCLUDE","Title specific term","1.0","0.5","1.0","0.5","0.5","3.5","INCLUDE"
"19","B Hassanshahi, TN Mai, A Michael…","Macaron: A logic-based framework for software supply chain security assurance","2023.0","Proceedings of the …","dl.acm.org","https://dl.acm.org/doi/abs/10.1145/3605770.3625213","https://scholar.google.com/scholar?cites=3378964320732069924&as_sdt=2005&sciodt=2007&hl=en","30","2026-05-16 00:47:28","","10.1145/3605770.3625213","","","","","","","19","6.33","5","4","3.0","… To understand the current state of SLSA provenance generation in open-source projects, we run the check described in Section 4.2 on the 90 projects in our benchmark. We observed …","https://dl.acm.org/doi/pdf/10.1145/3605770.3625213","https://scholar.google.com/scholar?q=related:JED0rSV-5C4J:scholar.google.com/&scioq=%22software+supply+chain+security%22%7C%22supply+chain+attacks%22+%22provenance+verification%22%7C%22slsa+provenance%22%7C%22in+toto%22&hl=en&as_sdt=2007&as_ylo=2020&as_yhi=2025","3","Q03","macaron: a logic-based framework for software supply chain security assurance","INCLUDE","Title specific term","1.0","1.0","1.0","0.5","0.5","4.0","INCLUDE"
"21","A Ferraiuolo, R Behjati, T Santoro…","Policy transparency: Authorization logic meets general transparency to prove software supply chain integrity","2022.0","Proceedings of the 2022 …","dl.acm.org","https://dl.acm.org/doi/abs/10.1145/3560835.3564549","https://scholar.google.com/scholar?cites=8142672958510373821&as_sdt=2005&sciodt=2007&hl=en","44","2026-05-16 00:47:28","","10.1145/3560835.3564549","","","","","","","21","5.25","5","4","4.0","… Fundamentally, software supply chain attacks are … an in-toto format) on the transparency log into authorization logic by using wrappers. Eventually, we intend to use this same in-toto …","https://dl.acm.org/doi/pdf/10.1145/3560835.3564549","https://scholar.google.com/scholar?q=related:vZsw_umVAHEJ:scholar.google.com/&scioq=%22software+supply+chain+security%22%7C%22supply+chain+attacks%22+%22provenance+verification%22%7C%22slsa+provenance%22%7C%22in+toto%22&hl=en&as_sdt=2007&as_ylo=2020&as_yhi=2025","3","Q03","policy transparency: authorization logic meets general transparency to prove software supply chain integrity","INCLUDE","Title specific term","1.0","1.0","0.5","1.0","0.5","4.0","INCLUDE"
"12","H Siadati, S Jafarikhah, E Sahin…","DevPhish: Exploring social engineering in software supply chain attacks on developers","2024.0","2024 IEEE 15th …","ieeexplore.ieee.org","https://ieeexplore.ieee.org/abstract/document/10754708/","https://scholar.google.com/scholar?cites=3302829978897699245&as_sdt=2005&sciodt=2007&hl=en","46","2026-05-16 00:47:28","","","","","","","","","12","6.0","3","4","2.0","… For background on software supply chain security, we refer the … A key concept in preventing software supply chain attacks is software … In-toto [41] is a framework that defines the expected …","https://arxiv.org/pdf/2402.18401","https://scholar.google.com/scholar?q=related:rVG13V0C1i0J:scholar.google.com/&scioq=%22software+supply+chain+security%22%7C%22supply+chain+attacks%22+%22provenance+verification%22%7C%22slsa+provenance%22%7C%22in+toto%22&hl=en&as_sdt=2007&as_ylo=2020&as_yhi=2025","3","Q03","devphish: exploring social engineering in software supply chain attacks on developers","INCLUDE","Title specific term","1.0","1.0","1.0","0.5","0.5","4.0","INCLUDE"
"262","R Duan, O Alrawi, RP Kasturi, R Elder…","Towards measuring supply chain attacks on package managers for interpreted languages","2020.0","arXiv preprint arXiv …","cyfi.ece.gatech.edu","https://cyfi.ece.gatech.edu/publications/duan2021measuring.pdf","https://scholar.google.com/scholar?cites=15048636463512336188&as_sdt=2005&sciodt=2007&hl=en","48","2026-05-16 00:47:28","PDF","","","","","","","","262","43.67","52","5","6.0","… To understand the security gaps and the misplaced trust that make recent supply chain attacks possible, we propose a comparative framework to qualitatively assess the functional and …","https://cyfi.ece.gatech.edu/publications/duan2021measuring.pdf","https://scholar.google.com/scholar?q=related:PLek6SF_19AJ:scholar.google.com/&scioq=%22software+supply+chain+security%22%7C%22supply+chain+attacks%22+%22provenance+verification%22%7C%22slsa+provenance%22%7C%22in+toto%22&hl=en&as_sdt=2007&as_ylo=2020&as_yhi=2025","3","Q03","towards measuring supply chain attacks on package managers for interpreted languages","INCLUDE","Title specific term","1.0","0.5","1.0","1.0","0.5","4.0","INCLUDE"
"2","L Williams, S Hamer, N Zahan","Can the Rising Tide of Software Supply Chain Attacks Raise All Software Engineering Boats?","2025.0","Proceedings of the 33rd ACM …","dl.acm.org","https://dl.acm.org/doi/abs/10.1145/3696630.3734200","https://scholar.google.com/scholar?cites=3318074264750090480&as_sdt=2005&sciodt=2007&hl=en","50","2026-05-16 00:47:28","","10.1145/3696630.3734200","","","","","","","2","2.0","1","3","1.0","… The in-toto framework does not address how to securely distribute, revoke, and replace the public keys used to verify the in-toto layout [44]. To address this, Samuel et al. [39] designed …","https://dl.acm.org/doi/pdf/10.1145/3696630.3734200","https://scholar.google.com/scholar?q=related:8GjLwPYqDC4J:scholar.google.com/&scioq=%22software+supply+chain+security%22%7C%22supply+chain+attacks%22+%22provenance+verification%22%7C%22slsa+provenance%22%7C%22in+toto%22&hl=en&as_sdt=2007&as_ylo=2020&as_yhi=2025","3","Q03","can the rising tide of software supply chain attacks raise all software engineering boats?","INCLUDE","Title specific term","1.0","1.0","1.0","0.0","0.5","3.5","INCLUDE"
"29","J Yang, Y Lee, AP McDonald","Solarwinds software supply chain security: Better protection with enforced policies and technologies","2021.0","International Conference on Software …","Springer","https://link.springer.com/chapter/10.1007/978-3-030-92317-4_4","https://scholar.google.com/scholar?cites=13795584668054354579&as_sdt=2005&sciodt=2007&hl=en","69","2026-05-16 00:47:28","","10.1007/978-3-030-92317-4_4","","","","","","","29","5.8","10","3","5.0","… Another system that we are looking into is the in-toto system. It is … In-toto System works by creating a profile of the original … In-toto enforces the integrity of a software supply chain as a …","","https://scholar.google.com/scholar?q=related:k3o02CnDc78J:scholar.google.com/&scioq=%22software+supply+chain+security%22%7C%22supply+chain+attacks%22+%22provenance+verification%22%7C%22slsa+provenance%22%7C%22in+toto%22&hl=en&as_sdt=2007&as_ylo=2020&as_yhi=2025","3","Q03","solarwinds software supply chain security: better protection with enforced policies and technologies","INCLUDE","Title specific term","1.0","0.5","0.5","1.0","0.5","3.5","INCLUDE"
"67","BS Adelusi, AC Uzoka, YG Hassan…","Blockchain-Integrated Software Bill of Materials (SBOM) for Real-Time Vulnerability Detection in Decentralized Package Repositories","2023.0","International Journal of …","researchgate.net","https://www.researchgate.net/profile/Bamidele-Adelusi/publication/392779506_Blockchain-Integrated_Software_Bill_of_Materials_SBOM_for_Real-Time_Vulnerability_Detection_in_Decentralized_Package_Repositories/links/6852b55724267473b778ad0d/Blockchain-Integrated-Software-Bill-of-Materials-SBOM-for-Real-Time-Vulnerability-Detection-in-Decentralized-Package-Repositories.pdf","https://scholar.google.com/scholar?cites=16486688062861628780&as_sdt=2005&sciodt=2007&hl=en","79","2026-05-16 00:47:28","PDF","","","","","","","","67","22.33","17","4","3.0","… with emerging software supply chain security mandates, … tracking and enhanced provenance verification. Traditional SBOM … leaves systems vulnerable to supply chain attacks such as …","https://www.researchgate.net/profile/Bamidele-Adelusi/publication/392779506_Blockchain-Integrated_Software_Bill_of_Materials_SBOM_for_Real-Time_Vulnerability_Detection_in_Decentralized_Package_Repositories/links/6852b55724267473b778ad0d/Blockchain-Integrated-Software-Bill-of-Materials-SBOM-for-Real-Time-Vulnerability-Detection-in-Decentralized-Package-Repositories.pdf","https://scholar.google.com/scholar?q=related:bFWKZXF7zOQJ:scholar.google.com/&scioq=%22software+supply+chain+security%22%7C%22supply+chain+attacks%22+%22provenance+verification%22%7C%22slsa+provenance%22%7C%22in+toto%22&hl=en&as_sdt=2007&as_ylo=2020&as_yhi=2025","3","Q03","blockchain-integrated software bill of materials (sbom) for real-time vulnerability detection in decentralized package repositories","INCLUDE","Title specific term","1.0","0.5","0.5","1.0","0.5","3.5","INCLUDE"
"94","Z Newman, JS Meyers, S Torres-Arias","Sigstore: Software signing for everybody","2022.0","Proceedings of the 2022 ACM …","dl.acm.org","https://dl.acm.org/doi/abs/10.1145/3548606.3560596","https://scholar.google.com/scholar?cites=14712614035766345161&as_sdt=2005&sciodt=2007&hl=en","86","2026-05-16 00:47:28","","10.1145/3548606.3560596","","","","","","","94","23.5","31","3","4.0","… approach to satisfying the software supply chain security controls associated with frameworks … For instance, the in-toto entry represents an attestation about an artifact using the in-toto …","https://dl.acm.org/doi/pdf/10.1145/3548606.3560596?trk=public_post_comment-text","https://scholar.google.com/scholar?q=related:yX1Hx4O0LcwJ:scholar.google.com/&scioq=%22software+supply+chain+security%22%7C%22supply+chain+attacks%22+%22provenance+verification%22%7C%22slsa+provenance%22%7C%22in+toto%22&hl=en&as_sdt=2007&as_ylo=2020&as_yhi=2025","3","Q03","sigstore: software signing for everybody","INCLUDE","Title specific term","1.0","1.0","1.0","1.0","0.5","4.5","INCLUDE"
"5","M Moore, TK Kuppusamy, J Cappos","Artemis: Defanging software supply chain attacks in multi-repository update systems","2023.0","Proceedings of the 39th Annual …","dl.acm.org","https://dl.acm.org/doi/abs/10.1145/3627106.3627129","https://scholar.google.com/scholar?cites=14846750863908474062&as_sdt=2005&sciodt=2007&hl=en","90","2026-05-16 00:47:28","","10.1145/3627106.3627129","","","","","","","5","1.67","2","3","3.0","… in-toto, which has been used with this work, can provide supply chain security [43, 49, 101]. • Remote exploits, or a compromise of users’ systems through a mechanism other than …","https://dl.acm.org/doi/pdf/10.1145/3627106.3627129","https://scholar.google.com/scholar?q=related:zgz9zz9BCs4J:scholar.google.com/&scioq=%22software+supply+chain+security%22%7C%22supply+chain+attacks%22+%22provenance+verification%22%7C%22slsa+provenance%22%7C%22in+toto%22&hl=en&as_sdt=2007&as_ylo=2020&as_yhi=2025","3","Q03","artemis: defanging software supply chain attacks in multi-repository update systems","INCLUDE","Title specific term","1.0","1.0","0.5","0.5","0.5","3.5","INCLUDE"
"53","M Fourné, D Wermke, W Enck, S Fahl…","It's like flossing your teeth: On the importance and challenges of reproducible builds for software supply chain security","2023.0","2023 IEEE Symposium …","ieeexplore.ieee.org","https://ieeexplore.ieee.org/abstract/document/10179320/","https://scholar.google.com/scholar?cites=5659002243358814390&as_sdt=2005&sciodt=2007&hl=en","97","2026-05-16 00:47:28","","","","","","","","","53","17.67","11","5","3.0","… This section provides background information for reproducible builds and their relation to overall open source software supply chain security, as well as related work in three key areas: …","https://publications.cispa.de/articles/conference_contribution/It_s_like_flossing_your_teeth_On_the_Importance_and_Challenges_of_Reproducible_Builds_for_Software_Supply_Chain_Security/24614676/1/files/43248912.pdf","https://scholar.google.com/scholar?q=related:tnCKwo7QiE4J:scholar.google.com/&scioq=%22software+supply+chain+security%22%7C%22supply+chain+attacks%22+%22provenance+verification%22%7C%22slsa+provenance%22%7C%22in+toto%22&hl=en&as_sdt=2007&as_ylo=2020&as_yhi=2025","3","Q03","it's like flossing your teeth: on the importance and challenges of reproducible builds for software supply chain security","INCLUDE","Title specific term","1.0","1.0","0.5","1.0","0.5","4.0","INCLUDE"
"7","S Narayanan","Cloud-native generative artificial intelligence for autonomous third-party risk intelligence: A zero-trust supply chain assurance framework","2023.0","","philarchive.org","https://philarchive.org/archive/NARCGA","https://scholar.google.com/scholar?cites=14165532188583156363&as_sdt=2005&sciodt=2007&hl=en","104","2026-05-16 00:47:28","PDF","","","","","","","","7","2.33","7","1","3.0","… vendor posture certification; and integration of artificial intelligence model supply chain risk signals - including model poisoning indicators and training data provenance verification - into …","https://philarchive.org/archive/NARCGA","https://scholar.google.com/scholar?q=related:i1rcKnkUlsQJ:scholar.google.com/&scioq=%22software+supply+chain+security%22%7C%22supply+chain+attacks%22+%22provenance+verification%22%7C%22slsa+provenance%22%7C%22in+toto%22&hl=en&as_sdt=2007&as_ylo=2020&as_yhi=2025","3","Q03","cloud-native generative artificial intelligence for autonomous third-party risk intelligence: a zero-trust supply chain assurance framework","INCLUDE","Title: sec+cloud pair","1.0","0.5","1.0","0.5","0.5","3.5","INCLUDE"
"14","E Bandara, S Shetty, R Mukkamala…","DevSec-GPT—Generative-AI (with Custom-Trained Meta's Llama2 LLM), Blockchain, NFT and PBOM Enabled Cloud Native Container Vulnerability Management and …","2024.0","2024 IEEE Cloud …","ieeexplore.ieee.org","https://ieeexplore.ieee.org/abstract/document/10631014/","https://scholar.google.com/scholar?cites=2509155183730079687&as_sdt=2005&sciodt=2007&hl=en","121","2026-05-16 00:47:28","","","","","","","","","14","7.0","4","4","2.0","… , amplifies the potential for supply chain attacks, wherein malicious code or compromised … platform that integrates TUF and In-ToTo frameworks, verifying software updates and …","https://www.researchgate.net/profile/Eranga-Bandara/publication/383132584_DevSec-GPT_-_Generative-AI_with_Custom-Trained_Meta's_Llama2_LLM_Blockchain_NFT_and_PBOM_Enabled_Cloud_Native_Container_Vulnerability_Management_and_Pipeline_Verification_Platform/links/677c948e117f340ec3fa11af/DevSec-GPT-Generative-AI-with-Custom-Trained-Metas-Llama2-LLM-Blockchain-NFT-and-PBOM-Enabled-Cloud-Native-Container-Vulnerability-Management-and-Pipeline-Verification-Platform.pdf","https://scholar.google.com/scholar?q=related:x7ePdFhP0iIJ:scholar.google.com/&scioq=%22software+supply+chain+security%22%7C%22supply+chain+attacks%22+%22provenance+verification%22%7C%22slsa+provenance%22%7C%22in+toto%22&hl=en&as_sdt=2007&as_ylo=2020&as_yhi=2025","3","Q03","devsec-gpt—generative-ai (with custom-trained meta's llama2 llm), blockchain, nft and pbom enabled cloud native container vulnerability management and …","INCLUDE","Title: sec+cloud pair","1.0","1.0","1.0","0.5","0.5","4.0","INCLUDE"
"184","B Xia, T Bi, Z Xing, Q Lu, L Zhu","An empirical study on software bill of materials: Where we stand and the road ahead","2023.0","2023 IEEE/ACM 45th …","ieeexplore.ieee.org","https://ieeexplore.ieee.org/abstract/document/10172696/","https://scholar.google.com/scholar?cites=12308925151138201675&as_sdt=2005&sciodt=2007&hl=en","127","2026-05-16 00:47:28","","","","","","","","","184","61.33","37","5","3.0","… Abstract—The rapid growth of software supply chain attacks has attracted considerable … supply chains that helps improve software supply chain security. Although there are significant …","https://arxiv.org/pdf/2301.05362","https://scholar.google.com/scholar?q=related:S8B2oDUW0qoJ:scholar.google.com/&scioq=%22software+supply+chain+security%22%7C%22supply+chain+attacks%22+%22provenance+verification%22%7C%22slsa+provenance%22%7C%22in+toto%22&hl=en&as_sdt=2007&as_ylo=2020&as_yhi=2025","3","Q03","an empirical study on software bill of materials: where we stand and the road ahead","INCLUDE","Title specific term","1.0","1.0","1.0","1.0","0.5","4.5","INCLUDE"
"7","A Arora, VL Wright, C Garman","SoK: a framework for and analysis of software bill of materials tools","2022.0","","osti.gov","https://www.osti.gov/biblio/2204407","https://scholar.google.com/scholar?cites=17583843843471228764&as_sdt=2005&sciodt=2007&hl=en","150","2026-05-16 00:47:28","","","","","","","","","7","1.75","2","3","4.0","… Reuse [66] is an auditing tool delivering all features of the produce functionality in contrast to in-toto and Quartermaster, which only allow SBoM creation. Further, community build tools …","https://www.osti.gov/servlets/purl/2204407","https://scholar.google.com/scholar?q=related:XL8K_M9cBvQJ:scholar.google.com/&scioq=%22software+supply+chain+security%22%7C%22supply+chain+attacks%22+%22provenance+verification%22%7C%22slsa+provenance%22%7C%22in+toto%22&hl=en&as_sdt=2007&as_ylo=2020&as_yhi=2025","3","Q03","sok: a framework for and analysis of software bill of materials tools","INCLUDE","Title specific term","1.0","0.5","1.0","0.5","0.5","3.5","INCLUDE"
"6","A Arora, C Garman","Analysis of software bill of materials tools","2023.0","Cyber Security: A Peer-Reviewed Journal","ingentaconnect.com","https://www.ingentaconnect.com/content/hsp/jcs/2023/00000006/00000004/art00006","https://scholar.google.com/scholar?cites=15654102442180402585&as_sdt=2005&sciodt=2007&hl=en","163","2026-05-16 00:47:28","","","","","","","","","6","2.0","3","2","3.0","… Another opensource framework, in-toto,107,108 aims to defend the integrity of the software … of the produce functionality in contrast to in-toto and Quartermaster, which only allow SBoM …","","https://scholar.google.com/scholar?q=related:md28bzuLPtkJ:scholar.google.com/&scioq=%22software+supply+chain+security%22%7C%22supply+chain+attacks%22+%22provenance+verification%22%7C%22slsa+provenance%22%7C%22in+toto%22&hl=en&as_sdt=2007&as_ylo=2020&as_yhi=2025","3","Q03","analysis of software bill of materials tools","INCLUDE","Title specific term","1.0","0.5","1.0","0.5","0.5","3.5","INCLUDE"
"20","D Shin, J Kim, IWAJ Pawana, I You","Enhancing cloud-native DevSecOps: A Zero Trust approach for the financial sector","2025.0","Computer Standards &Interfaces","Elsevier","https://www.sciencedirect.com/science/article/pii/S0920548925000042","https://scholar.google.com/scholar?cites=8426470942483769769&as_sdt=2005&sciodt=2007&hl=en","164","2026-05-16 00:47:28","","","","","","","","","20","20.0","5","4","1.0","Financial institutions increasingly adopt cloud-native environments and microservices architectures in response to digital transformation and application modernization, leading to a …","","https://scholar.google.com/scholar?q=related:qWnlRK3W8HQJ:scholar.google.com/&scioq=%22software+supply+chain+security%22%7C%22supply+chain+attacks%22+%22provenance+verification%22%7C%22slsa+provenance%22%7C%22in+toto%22&hl=en&as_sdt=2007&as_ylo=2020&as_yhi=2025","3","Q03","enhancing cloud-native devsecops: a zero trust approach for the financial sector","INCLUDE","Title specific term","1.0","0.5","0.5","1.0","0.5","3.5","INCLUDE"
"14","Y Zhao, Y Zhang, D Chacko…","Covsbom: enhancing software bill of materials with integrated code coverage analysis","2024.0","2024 IEEE 35th …","ieeexplore.ieee.org","https://ieeexplore.ieee.org/abstract/document/10771496/","https://scholar.google.com/scholar?cites=7505641339812798513&as_sdt=2005&sciodt=2007&hl=en","185","2026-05-16 00:47:28","","","","","","","","","14","7.0","4","4","2.0","… This allows for local verification or attestation (eg, in-toto [19]). … Cappos, “in-toto: Providing farm-to-table guarantees for bits and bytes,” in 28th USENIX Security Symposium (USENIX …","https://par.nsf.gov/servlets/purl/10615239","https://scholar.google.com/scholar?q=related:MWAHLwhlKWgJ:scholar.google.com/&scioq=%22software+supply+chain+security%22%7C%22supply+chain+attacks%22+%22provenance+verification%22%7C%22slsa+provenance%22%7C%22in+toto%22&hl=en&as_sdt=2007&as_ylo=2020&as_yhi=2025","3","Q03","covsbom: enhancing software bill of materials with integrated code coverage analysis","INCLUDE","Title specific term","1.0","1.0","0.5","0.5","0.5","3.5","INCLUDE"
"174","J Martínez, JM Durán","Software supply chain attacks, a threat to global cybersecurity: SolarWinds' case study","2021.0","International Journal of Safety and Security …","iieta.org","https://iieta.org/sites/default/files/pdf/2021-11/11.05_05.pdf","https://scholar.google.com/scholar?cites=16066905663317321020&as_sdt=2005&sciodt=2007&hl=en","2","2026-05-16 00:46:44","PDF","","","","","","","","174","34.8","87","2","5.0","… SBOM is useful to those who develop or manufacture … to create a product; an SBOM allows the builder to make sure … Bill of Materials (SBOM) to defend against supply chain attacks. of …","https://iieta.org/sites/default/files/pdf/2021-11/11.05_05.pdf","https://scholar.google.com/scholar?q=related:PKW9HZMd-d4J:scholar.google.com/&scioq=%22software+supply+chain+security%22%7C%22supply+chain+attacks%22+%22sbom%22%7C%22spdx%22%7C%22cyclonedx%22&hl=en&as_sdt=2007&as_ylo=2020&as_yhi=2025","4","Q04","software supply chain attacks, a threat to global cybersecurity: solarwinds' case study","INCLUDE","Title specific term","1.0","0.5","1.0","1.0","0.5","4.0","INCLUDE"
"8","D Garcia, MT Mirakorhli, S Dillon, K Laporte…","A landscape study of open-source tools for software bill of materials (SBOM) and supply chain security","2025.0","2025 IEEE/ACM 3rd …","computer.org","https://www.computer.org/csdl/proceedings-article/svm/2025/146800a037/27HvBe8gLCg","https://scholar.google.com/scholar?cites=8883015501805840819&as_sdt=2005&sciodt=2007&hl=en","7","2026-05-16 00:46:44","","","","","","","","","8","8.0","2","5","1.0","… To address this complexity, the adoption of a Software Bill of Materials (SBOM) … SBOM. We investigate emerging use cases in software supply chain security and identify gaps in SBOM …","","https://scholar.google.com/scholar?q=related:s-ls34jPRnsJ:scholar.google.com/&scioq=%22software+supply+chain+security%22%7C%22supply+chain+attacks%22+%22sbom%22%7C%22spdx%22%7C%22cyclonedx%22&hl=en&as_sdt=2007&as_ylo=2020&as_yhi=2025","4","Q04","a landscape study of open-source tools for software bill of materials (sbom) and supply chain security","INCLUDE","Title specific term","1.0","1.0","0.5","0.5","0.5","3.5","INCLUDE"
"14","VV Sehgal, PS Ambili","A taxonomy and survey of software bill of materials (SBOM) generation approaches","2023.0","Analytics Global Conference","Springer","https://link.springer.com/chapter/10.1007/978-3-031-50815-8_3","https://scholar.google.com/scholar?cites=16252138841649690485&as_sdt=2005&sciodt=2007&hl=en","25","2026-05-16 00:46:44","","10.1007/978-3-031-50815-8_3","","","","","","","14","4.67","7","2","3.0","… Packet and Network analysis could pave the way for detecting known supply chain attacks. … They attempt to prevent supply chain attacks by implementing a least privilege framework …","https://www.researchgate.net/profile/Ps-Ambili/publication/377107512_A_Taxonomy_and_Survey_of_Software_Bill_of_Materials_SBOM_Generation_Approaches/links/65d5bf23adc608480adbc05d/A-Taxonomy-and-Survey-of-Software-Bill-of-Materials-SBOM-Generation-Approaches.pdf","https://scholar.google.com/scholar?q=related:dbfbQCsyi-EJ:scholar.google.com/&scioq=%22software+supply+chain+security%22%7C%22supply+chain+attacks%22+%22sbom%22%7C%22spdx%22%7C%22cyclonedx%22&hl=en&as_sdt=2007&as_ylo=2020&as_yhi=2025","4","Q04","a taxonomy and survey of software bill of materials (sbom) generation approaches","INCLUDE","Title specific term","1.0","0.5","1.0","0.5","0.5","3.5","INCLUDE"
"32","M Mirakhorli, D Garcia, S Dillon, K Laporte…","A landscape study of open source and proprietary tools for software bill of materials (sbom)","2024.0","arXiv preprint arXiv …","arxiv.org","https://arxiv.org/abs/2402.11151","https://scholar.google.com/scholar?cites=8774820431766628954&as_sdt=2005&sciodt=2007&hl=en","27","2026-05-16 00:46:44","","","","","","","","","32","16.0","6","5","2.0","… To address this complexity, the adoption of a Software Bill of Materials (SBOM) … SBOM. We investigate emerging use cases in software supply chain security and identify gaps in SBOM …","https://arxiv.org/pdf/2402.11151","https://scholar.google.com/scholar?q=related:WipKE7FsxnkJ:scholar.google.com/&scioq=%22software+supply+chain+security%22%7C%22supply+chain+attacks%22+%22sbom%22%7C%22spdx%22%7C%22cyclonedx%22&hl=en&as_sdt=2007&as_ylo=2020&as_yhi=2025","4","Q04","a landscape study of open source and proprietary tools for software bill of materials (sbom)","INCLUDE","Title specific term","1.0","0.5","0.5","1.0","0.5","3.5","INCLUDE"
"8","Z Sun, Z Quan, S Yu, L Zhang, D Mao","A knowledge-driven framework for software supply chain security analysis","2024.0","Proceedings of the 2024 8th …","dl.acm.org","https://dl.acm.org/doi/abs/10.1145/3640824.3640866","https://scholar.google.com/scholar?cites=3834996503892133025&as_sdt=2005&sciodt=2007&hl=en","32","2026-05-16 00:46:44","","10.1145/3640824.3640866","","","","","","","8","4.0","2","5","2.0","… one of the important aspects of software supply chain security analysis, especially in generating the SBOM file for a software. … This allowed us to generate the SBOM file for the software. …","https://dl.acm.org/doi/pdf/10.1145/3640824.3640866","https://scholar.google.com/scholar?q=related:oQRbaQClODUJ:scholar.google.com/&scioq=%22software+supply+chain+security%22%7C%22supply+chain+attacks%22+%22sbom%22%7C%22spdx%22%7C%22cyclonedx%22&hl=en&as_sdt=2007&as_ylo=2020&as_yhi=2025","4","Q04","a knowledge-driven framework for software supply chain security analysis","INCLUDE","Title specific term","1.0","1.0","1.0","0.5","0.5","4.0","INCLUDE"
"34","E O'Donoghue, B Boles, C Izurieta…","Impacts of software bill of materials (sbom) generation on vulnerability detection","2023.0","Proceedings of the 2024 …","dl.acm.org","https://dl.acm.org/doi/abs/10.1145/3689944.3696164","https://scholar.google.com/scholar?cites=16319021009156028725&as_sdt=2005&sciodt=2007&hl=en","36","2026-05-16 00:46:44","","10.1145/3689944.3696164","","","","","","","34","11.33","9","4","3.0","… how different SBOM generation tools and SBOM formats impact vulnerability detection by SBOM … ing of SBOMs’ role in enhancing software supply chain security, addressing not just the …","https://dl.acm.org/doi/pdf/10.1145/3689944.3696164","https://scholar.google.com/scholar?q=related:NbnhXCXPeOIJ:scholar.google.com/&scioq=%22software+supply+chain+security%22%7C%22supply+chain+attacks%22+%22sbom%22%7C%22spdx%22%7C%22cyclonedx%22&hl=en&as_sdt=2007&as_ylo=2020&as_yhi=2025","4","Q04","impacts of software bill of materials (sbom) generation on vulnerability detection","INCLUDE","Title specific term","1.0","1.0","0.5","1.0","0.5","4.0","INCLUDE"
"62","T Bi, B Xia, Z Xing, Q Lu, L Zhu","On the way to sboms: Investigating design issues and solutions in practice","2024.0","ACM Transactions on Software …","dl.acm.org","https://dl.acm.org/doi/abs/10.1145/3654442","https://scholar.google.com/scholar?cites=1726985176421219895&as_sdt=2005&sciodt=2007&hl=en","41","2026-05-16 00:46:44","","10.1145/3654442","","","","","","","62","31.0","12","5","2.0","… SBOM life cycle, and each phase has a set of SBOM development activities and issues; in addition, this study emphasizes the role SBOM … for enhancing software supply chain security, …","https://dl.acm.org/doi/pdf/10.1145/3654442","https://scholar.google.com/scholar?q=related:N77zNN579xcJ:scholar.google.com/&scioq=%22software+supply+chain+security%22%7C%22supply+chain+attacks%22+%22sbom%22%7C%22spdx%22%7C%22cyclonedx%22&hl=en&as_sdt=2007&as_ylo=2020&as_yhi=2025","4","Q04","on the way to sboms: investigating design issues and solutions in practice","INCLUDE","Title specific term","1.0","1.0","0.5","1.0","0.5","4.0","INCLUDE"
"19","A Halbritter, D Merli","Accuracy evaluation of sbom tools for web applications and system-level software","2024.0","Proceedings of the 19th International Conference …","dl.acm.org","https://dl.acm.org/doi/abs/10.1145/3664476.3670926","https://scholar.google.com/scholar?cites=8350281300112777675&as_sdt=2005&sciodt=2007&hl=en","59","2026-05-16 00:46:44","","10.1145/3664476.3670926","","","","","","","19","9.5","10","2","2.0","… Finally, the investigation is only based on SPDX SBOM and the standard CycloneDX is … It is CycloneDX based for filling the gap of missing CycloneDX capabilities in Bom-shelter […","https://dl.acm.org/doi/pdf/10.1145/3664476.3670926","https://scholar.google.com/scholar?q=related:yyHPy5ko4nMJ:scholar.google.com/&scioq=%22software+supply+chain+security%22%7C%22supply+chain+attacks%22+%22sbom%22%7C%22spdx%22%7C%22cyclonedx%22&hl=en&as_sdt=2007&as_ylo=2020&as_yhi=2025","4","Q04","accuracy evaluation of sbom tools for web applications and system-level software","INCLUDE","Title specific term","1.0","1.0","0.5","0.5","0.5","3.5","INCLUDE"
"11","W Otoda, T Kanda, Y Manabe…","Sbom challenges for developers: From analysis of stack overflow questions","2024.0","2024 IEEE/ACIS 22nd …","ieeexplore.ieee.org","https://ieeexplore.ieee.org/abstract/document/10685624/","https://scholar.google.com/scholar?cites=9627131529641966906&as_sdt=2005&sciodt=2007&hl=en","68","2026-05-16 00:46:44","","","","","","","","","11","5.5","3","4","2.0","… related to SBOM uses on Stack Overflow, focusing on the CycloneDX and SPDX formats. Stack … of open source software supply chain attacks,” in Proc. DIMVA2020, 2020, pp. 23–43. …","https://arxiv.org/pdf/2502.03975","https://scholar.google.com/scholar?q=related:Or1Flh5xmoUJ:scholar.google.com/&scioq=%22software+supply+chain+security%22%7C%22supply+chain+attacks%22+%22sbom%22%7C%22spdx%22%7C%22cyclonedx%22&hl=en&as_sdt=2007&as_ylo=2020&as_yhi=2025","4","Q04","sbom challenges for developers: from analysis of stack overflow questions","INCLUDE","Title specific term","1.0","1.0","0.5","0.5","0.5","3.5","INCLUDE"
"47","E O'Donoghue, AM Reinhold…","Assessing security risks of software supply chains using software bill of materials","2024.0","2024 IEEE International …","ieeexplore.ieee.org","https://ieeexplore.ieee.org/abstract/document/10621686/","https://scholar.google.com/scholar?cites=13220317314954065591&as_sdt=2005&sciodt=2007&hl=en","78","2026-05-16 00:46:44","","","","","","","","","47","23.5","16","3","2.0","… This research demonstrates the potential of SBOMs in evaluating software supply chain security. However, substantial work is still required in the SBOM domain before software …","https://www.cs.montana.edu/izurieta/pubs/ODonoghueMSR4P&S.pdf","https://scholar.google.com/scholar?q=related:t3bIv40AeLcJ:scholar.google.com/&scioq=%22software+supply+chain+security%22%7C%22supply+chain+attacks%22+%22sbom%22%7C%22spdx%22%7C%22cyclonedx%22&hl=en&as_sdt=2007&as_ylo=2020&as_yhi=2025","4","Q04","assessing security risks of software supply chains using software bill of materials","INCLUDE","Title specific term","1.0","1.0","0.5","1.0","0.5","4.0","INCLUDE"
"43","B Xia, D Zhang, Y Liu, Q Lu, Z Xing, L Zhu","Trust in software supply chains: Blockchain-enabled sbom and the aibom future","2024.0","… of the 2024 ACM/IEEE 4th …","dl.acm.org","https://dl.acm.org/doi/abs/10.1145/3643662.3643957","https://scholar.google.com/scholar?cites=15308129501254688428&as_sdt=2005&sciodt=2007&hl=en","82","2026-05-16 00:46:44","","10.1145/3643662.3643957","","","","","","","43","21.5","7","6","2.0","… Software supply chain security has emerged as a critical concern … In addition, the notable surge in software supply chain attacks, … (SBOM) practices has emerged as a key strategy. An …","https://dl.acm.org/doi/pdf/10.1145/3643662.3643957","https://scholar.google.com/scholar?q=related:rJ726axmcdQJ:scholar.google.com/&scioq=%22software+supply+chain+security%22%7C%22supply+chain+attacks%22+%22sbom%22%7C%22spdx%22%7C%22cyclonedx%22&hl=en&as_sdt=2007&as_ylo=2020&as_yhi=2025","4","Q04","trust in software supply chains: blockchain-enabled sbom and the aibom future","INCLUDE","Title specific term","1.0","0.5","0.5","1.0","0.5","3.5","INCLUDE"
"10","S Nocera, M Di Penta, R Francese…","If it's not SBOM, then what? How Italian Practitioners Manage the Software Supply Chain","2024.0","2024 IEEE …","ieeexplore.ieee.org","https://ieeexplore.ieee.org/abstract/document/10795063/","https://scholar.google.com/scholar?cites=2948053674013744008&as_sdt=2005&sciodt=2007&hl=en","95","2026-05-16 00:46:44","","","","","","","","","10","5.0","3","4","2.0","… tical experiences and challenges with software supply chain security, Enck and Williams [10… software supply chain security. Among these five top challenges, there is leveraging SBOM …","","https://scholar.google.com/scholar?q=related:iNtfcjKX6SgJ:scholar.google.com/&scioq=%22software+supply+chain+security%22%7C%22supply+chain+attacks%22+%22sbom%22%7C%22spdx%22%7C%22cyclonedx%22&hl=en&as_sdt=2007&as_ylo=2020&as_yhi=2025","4","Q04","if it's not sbom, then what? how italian practitioners manage the software supply chain","INCLUDE","Title specific term","1.0","1.0","0.5","0.5","0.5","3.5","INCLUDE"
"53","S Nocera, S Romano, M Di Penta…","Software bill of materials adoption: A mining study from github","2023.0","2023 IEEE …","ieeexplore.ieee.org","https://ieeexplore.ieee.org/abstract/document/10336262/","https://scholar.google.com/scholar?cites=16526566967284009514&as_sdt=2005&sciodt=2007&hl=en","105","2026-05-16 00:46:44","","","","","","","","","53","17.67","13","4","3.0","… of five challenges in software supply chain security. Among … that adopted SBOM: 1) We selected SBOM generation tools … were SPDX or CycloneDX; 2) For each of the selected SBOM …","","https://scholar.google.com/scholar?q=related:KgqrYRgpWuUJ:scholar.google.com/&scioq=%22software+supply+chain+security%22%7C%22supply+chain+attacks%22+%22sbom%22%7C%22spdx%22%7C%22cyclonedx%22&hl=en&as_sdt=2007&as_ylo=2020&as_yhi=2025","4","Q04","software bill of materials adoption: a mining study from github","INCLUDE","Title specific term","1.0","1.0","0.5","1.0","0.5","4.0","INCLUDE"
"17","S Cofano, G Benedetti…","SBOM generation tools in the Python ecosystem: An in-detail analysis","2024.0","2024 IEEE 23rd …","ieeexplore.ieee.org","https://ieeexplore.ieee.org/abstract/document/10945067/","https://scholar.google.com/scholar?cites=6415273810859611001&as_sdt=2005&sciodt=2007&hl=en","111","2026-05-16 00:46:44","","","","","","","","","17","8.5","6","3","2.0","… a key countermeasure to the mounting problem of Software Supply Chain attacks. SBOM generation tools take project source files and provide an SBOM as output, interacting with the …","https://arxiv.org/pdf/2409.01214","https://scholar.google.com/scholar?q=related:eVMnmYqhB1kJ:scholar.google.com/&scioq=%22software+supply+chain+security%22%7C%22supply+chain+attacks%22+%22sbom%22%7C%22spdx%22%7C%22cyclonedx%22&hl=en&as_sdt=2007&as_ylo=2020&as_yhi=2025","4","Q04","sbom generation tools in the python ecosystem: an in-detail analysis","INCLUDE","Title specific term","1.0","1.0","0.5","0.5","0.5","3.5","INCLUDE"
"8","E O'Donoghue, Y Hastings, E Ortiz…","Software Bill of Materials in Software Supply Chain Security A Systematic Literature Review","2025.0","arXiv preprint arXiv …","arxiv.org","https://arxiv.org/abs/2506.03507","https://scholar.google.com/scholar?cites=6722463588771085065&as_sdt=2005&sciodt=2007&hl=en","112","2026-05-16 00:46:44","","","","","","","","","8","8.0","2","4","1.0","… Our findings provide actionable insights for researchers, tool developers, and practitioners seeking to advance SBOM-driven SSC security and lay a foundation for future work at the …","","https://scholar.google.com/scholar?q=related:CbsyUAT9Sl0J:scholar.google.com/&scioq=%22software+supply+chain+security%22%7C%22supply+chain+attacks%22+%22sbom%22%7C%22spdx%22%7C%22cyclonedx%22&hl=en&as_sdt=2007&as_ylo=2020&as_yhi=2025","4","Q04","software bill of materials in software supply chain security a systematic literature review","INCLUDE","Title specific term","1.0","0.5","1.0","0.5","0.5","3.5","INCLUDE"
"20","R Chandramouli, R Chandramouli, F Kautz…","Strategies for the integration of software supply chain security in DevSecOps CI/CD pipelines","2024.0","","nvlpubs.nist.gov","https://nvlpubs.nist.gov/nistpubs/SpecialPublications/NIST.SP.800-204D.pdf?ref=tidalseries.com","https://scholar.google.com/scholar?cites=7865598836572761043&as_sdt=2005&sciodt=2007&hl=en","119","2026-05-16 00:46:44","BOOK","","","","","","","","20","10.0","5","4","2.0","… To facilitate this, the software bill of materials (SBOM) must be shared with end users so that they can build inventories of software components. However, while SBOMs enable the …","https://nvlpubs.nist.gov/nistpubs/SpecialPublications/NIST.SP.800-204D.pdf?ref=tidalseries.com","https://scholar.google.com/scholar?q=related:0yul13c4KG0J:scholar.google.com/&scioq=%22software+supply+chain+security%22%7C%22supply+chain+attacks%22+%22sbom%22%7C%22spdx%22%7C%22cyclonedx%22&hl=en&as_sdt=2007&as_ylo=2020&as_yhi=2025","4","Q04","strategies for the integration of software supply chain security in devsecops ci/cd pipelines","INCLUDE","Title specific term","1.0","0.5","0.5","1.0","0.5","3.5","INCLUDE"
"7","C Jia, N Li, K Yang, M Zhou","SIT: An accurate, compliant SBOM generator with incremental construction","2025.0","2025 IEEE/ACM 47th …","ieeexplore.ieee.org","https://ieeexplore.ieee.org/abstract/document/11024467/","https://scholar.google.com/scholar?cites=3966332487826898661&as_sdt=2005&sciodt=2007&hl=en","133","2026-05-16 00:46:44","","","","","","","","","7","7.0","2","4","1.0","… SBOM IR with official SBOM JSON schema validation, we unify and simplify SBOM … Additionally, we enhance SBOM generation accuracy by performing double cross-validation on …","https://jiachangguo.github.io/files/ICSE25.pdf","https://scholar.google.com/scholar?q=related:5X4DFmI-CzcJ:scholar.google.com/&scioq=%22software+supply+chain+security%22%7C%22supply+chain+attacks%22+%22sbom%22%7C%22spdx%22%7C%22cyclonedx%22&hl=en&as_sdt=2007&as_ylo=2020&as_yhi=2025","4","Q04","sit: an accurate, compliant sbom generator with incremental construction","INCLUDE","Title specific term","1.0","1.0","0.5","0.5","0.5","3.5","INCLUDE"
"23","A Akinsola, A Akinde","Enhancing software supply chain resilience: Strategy for mitigating software supply chain security risks and ensuring security continuity in development lifecycle","2024.0","arXiv preprint arXiv:2407.13785","arxiv.org","https://arxiv.org/abs/2407.13785","https://scholar.google.com/scholar?cites=3695084887984347791&as_sdt=2005&sciodt=2007&hl=en","143","2026-05-16 00:46:44","","","","","","","","","23","11.5","12","2","2.0","This article delves into the strategic approaches and preventive measures necessary to safeguard the software supply chain against evolving threats. It aims to foster an understanding …","https://arxiv.org/pdf/2407.13785","https://scholar.google.com/scholar?q=related:j5o40yCURzMJ:scholar.google.com/&scioq=%22software+supply+chain+security%22%7C%22supply+chain+attacks%22+%22sbom%22%7C%22spdx%22%7C%22cyclonedx%22&hl=en&as_sdt=2007&as_ylo=2020&as_yhi=2025","4","Q04","enhancing software supply chain resilience: strategy for mitigating software supply chain security risks and ensuring security continuity in development lifecycle","INCLUDE","Title specific term","1.0","0.5","0.5","1.0","0.5","3.5","INCLUDE"
"6","N Kawaguchi, C Hart","On the Deployment Control and Runtime Monitoring of Containers Based on Consumer Side SBOMs","2024.0","2024 IEEE 21st Consumer …","ieeexplore.ieee.org","https://ieeexplore.ieee.org/abstract/document/10454654/","https://scholar.google.com/scholar?cites=14849417871028268627&as_sdt=2005&sciodt=2007&hl=en","164","2026-05-16 00:46:44","","","","","","","","","6","3.0","3","2","2.0","… field is the surge in software supply chain attacks. A supply chain is the … SBOM then aids in ongoing risk analysis. To our knowledge, this is the first effort to holistically address SBOM …","","https://scholar.google.com/scholar?q=related:Uy76y-C6E84J:scholar.google.com/&scioq=%22software+supply+chain+security%22%7C%22supply+chain+attacks%22+%22sbom%22%7C%22spdx%22%7C%22cyclonedx%22&hl=en&as_sdt=2007&as_ylo=2020&as_yhi=2025","4","Q04","on the deployment control and runtime monitoring of containers based on consumer side sboms","INCLUDE","Title specific term","1.0","1.0","0.5","0.5","0.5","3.5","INCLUDE"
"6","R Sammak, AL Rotthaler, HS Ramulu…","Developers' approaches to software supply chain security: An interview study","2023.0","Proceedings of the …","dl.acm.org","https://dl.acm.org/doi/abs/10.1145/3689944.3696160","https://scholar.google.com/scholar?cites=15603763247445442230&as_sdt=2005&sciodt=2007&hl=en","171","2026-05-16 00:46:44","","10.1145/3689944.3696160","","","","","","","6","2.0","2","4","3.0","… Similarly, interviewees were not personally familiar with SBOM and supply chain attacks, and the Supply-chain Levels for Software Artifacts (SLSA) framework was also never discussed…","https://dl.acm.org/doi/pdf/10.1145/3689944.3696160","https://scholar.google.com/scholar?q=related:tv5HUwC0i9gJ:scholar.google.com/&scioq=%22software+supply+chain+security%22%7C%22supply+chain+attacks%22+%22sbom%22%7C%22spdx%22%7C%22cyclonedx%22&hl=en&as_sdt=2007&as_ylo=2020&as_yhi=2025","4","Q04","developers' approaches to software supply chain security: an interview study","INCLUDE","Title specific term","1.0","1.0","1.0","0.5","0.5","4.0","INCLUDE"
"46","S Yu, W Song, X Hu, H Yin","On the correctness of metadata-based SBOM generation: A differential analysis approach","2024.0","2024 54th Annual IEEE/IFIP …","ieeexplore.ieee.org","https://ieeexplore.ieee.org/abstract/document/10646983/","https://scholar.google.com/scholar?cites=9578400714172143780&as_sdt=2005&sciodt=2007&hl=en","199","2026-05-16 00:46:44","","","","","","","","","46","23.0","12","4","2.0","… Abstract—Amidst rising concerns of software supply chain attacks, the Software Bill of Materials (SBOM) has emerged as a pivotal tool, offering a detailed listing of software components …","https://escholarship.org/content/qt8606f22r/qt8606f22r.pdf","https://scholar.google.com/scholar?q=related:pBiUdLNQ7YQJ:scholar.google.com/&scioq=%22software+supply+chain+security%22%7C%22supply+chain+attacks%22+%22sbom%22%7C%22spdx%22%7C%22cyclonedx%22&hl=en&as_sdt=2007&as_ylo=2020&as_yhi=2025","4","Q04","on the correctness of metadata-based sbom generation: a differential analysis approach","INCLUDE","Title specific term","1.0","0.5","0.5","1.0","0.5","3.5","INCLUDE"
"22","P Ladisa, SE Ponta, A Sabetta…","Journey to the center of software supply chain attacks","2023.0","IEEE Security & …","ieeexplore.ieee.org","https://ieeexplore.ieee.org/abstract/document/10224821/","https://scholar.google.com/scholar?cites=6540805719509129149&as_sdt=2005&sciodt=2007&hl=en","203","2026-05-16 00:46:44","","","","","","","","","22","7.33","6","4","3.0","… bill of materials (SBOM) has to be produced and maintained by the project maintainer, ideally using automated software composition analysis (SCA) tools. Following, the SBOM must be …","https://arxiv.org/pdf/2304.05200","https://scholar.google.com/scholar?q=related:vVcvsCWcxVoJ:scholar.google.com/&scioq=%22software+supply+chain+security%22%7C%22supply+chain+attacks%22+%22sbom%22%7C%22spdx%22%7C%22cyclonedx%22&hl=en&as_sdt=2007&as_ylo=2020&as_yhi=2025","4","Q04","journey to the center of software supply chain attacks","INCLUDE","Title specific term","1.0","1.0","0.5","1.0","0.5","4.0","INCLUDE"
"17","B Kloeg, AY Ding, S Pellegrom…","Charting the path to SBOM adoption: A business stakeholder-centric approach","2024.0","Proceedings of the 19th …","dl.acm.org","https://dl.acm.org/doi/abs/10.1145/3634737.3637659","https://scholar.google.com/scholar?cites=12450193560004632473&as_sdt=2005&sciodt=2007&hl=en","213","2026-05-16 00:46:44","","10.1145/3634737.3637659","","","","","","","17","8.5","4","4","2.0","… in SBOM production and consumption. The main goal of this work is to identify which groups can drive or inhibit SBOM … incentives regarding SBOM adoption. Our analysis suggests that …","https://dl.acm.org/doi/pdf/10.1145/3634737.3637659","https://scholar.google.com/scholar?q=related:mZ_uMBT5x6wJ:scholar.google.com/&scioq=%22software+supply+chain+security%22%7C%22supply+chain+attacks%22+%22sbom%22%7C%22spdx%22%7C%22cyclonedx%22&hl=en&as_sdt=2007&as_ylo=2020&as_yhi=2025","4","Q04","charting the path to sbom adoption: a business stakeholder-centric approach","INCLUDE","Title specific term","1.0","1.0","0.5","0.5","0.5","3.5","INCLUDE"
"8","W Wu, P Wang, L Zhao, W Jiang","An intelligent security detection and response scheme based on SBOM for securing IoT terminal devices","2023.0","2023 IEEE 11th International …","ieeexplore.ieee.org","https://ieeexplore.ieee.org/abstract/document/10393435/","https://scholar.google.com/scholar?cites=1978053714422081768&as_sdt=2005&sciodt=2007&hl=en","223","2026-05-16 00:46:44","","","","","","","","","8","2.67","2","4","3.0","… SBOM is very useful when reusing code and introducing open source code, and is … for software supply chain security management. In this paper, we have designed a component SBOM, …","","https://scholar.google.com/scholar?q=related:6CjFgl91cxsJ:scholar.google.com/&scioq=%22software+supply+chain+security%22%7C%22supply+chain+attacks%22+%22sbom%22%7C%22spdx%22%7C%22cyclonedx%22&hl=en&as_sdt=2007&as_ylo=2020&as_yhi=2025","4","Q04","an intelligent security detection and response scheme based on sbom for securing iot terminal devices","INCLUDE","Title specific term","1.0","1.0","0.5","0.5","0.5","3.5","INCLUDE"
"12","L Soeiro, T Robert, S Zacchiroli","Wild sboms: a large-scale dataset of software bills of materials from public code","2025.0","2025 IEEE/ACM 22nd …","ieeexplore.ieee.org","https://ieeexplore.ieee.org/abstract/document/11025611/","https://scholar.google.com/scholar?cites=16916067496628214863&as_sdt=2005&sciodt=2007&hl=en","233","2026-05-16 00:46:44","","","","","","","","","12","12.0","4","3","1.0","… In the wake of major software supply chain security incidents (eg, SolarWinds, Log4J), the … in sbom-files we can see it is a CycloneDX 1.3 JSON SBOM file for a Go language application. …","https://arxiv.org/pdf/2503.15021","https://scholar.google.com/scholar?q=related:T1wOVcPxweoJ:scholar.google.com/&scioq=%22software+supply+chain+security%22%7C%22supply+chain+attacks%22+%22sbom%22%7C%22spdx%22%7C%22cyclonedx%22&hl=en&as_sdt=2007&as_ylo=2020&as_yhi=2025","4","Q04","wild sboms: a large-scale dataset of software bills of materials from public code","INCLUDE","Title specific term","1.0","1.0","0.5","0.5","0.5","3.5","INCLUDE"
"148","W Enck, L Williams","Top five challenges in software supply chain security: Observations from 30 industry and government organizations","2022.0","IEEE Security &Privacy","ieeexplore.ieee.org","https://ieeexplore.ieee.org/abstract/document/9740718/","https://scholar.google.com/scholar?cites=11396121218272748414&as_sdt=2005&sciodt=2007&hl=en","306","2026-05-16 00:46:44","","","","","","","","","148","37.0","74","2","4.0","… In this column, we share the top five challenges in software supply chain security that … SPDX, CycloneDX, and SWID,5 have sought to standard ize machinereadable formats of the SBoM …","","https://scholar.google.com/scholar?q=related:fmNwaN4nJ54J:scholar.google.com/&scioq=%22software+supply+chain+security%22%7C%22supply+chain+attacks%22+%22sbom%22%7C%22spdx%22%7C%22cyclonedx%22&hl=en&as_sdt=2007&as_ylo=2020&as_yhi=2025","4","Q04","top five challenges in software supply chain security: observations from 30 industry and government organizations","INCLUDE","Title specific term","1.0","1.0","0.5","1.0","0.5","4.0","INCLUDE"
"10","MS Melara, S Torres-Arias","A Viewpoint on Software Supply Chain Security: Are We Getting Lost in Translation?","2023.0","IEEE Security &Privacy","ieeexplore.ieee.org","https://ieeexplore.ieee.org/abstract/document/10315780/","https://scholar.google.com/scholar?cites=5124677328421880781&as_sdt=2005&sciodt=2007&hl=en","307","2026-05-16 00:46:44","","","","","","","","","10","3.33","5","2","3.0","… that an SBOM can provide crucial security information, the user story around SBOM-based … us anything, it is that software supply chain security is an inherently sociotechnical domain …","","https://scholar.google.com/scholar?q=related:zYMV5eCCHkcJ:scholar.google.com/&scioq=%22software+supply+chain+security%22%7C%22supply+chain+attacks%22+%22sbom%22%7C%22spdx%22%7C%22cyclonedx%22&hl=en&as_sdt=2007&as_ylo=2020&as_yhi=2025","4","Q04","a viewpoint on software supply chain security: are we getting lost in translation?","INCLUDE","Title specific term","1.0","1.0","0.5","0.5","0.5","3.5","INCLUDE"
"26","A Chaora, N Ensmenger…","Discourse, challenges, and prospects around the adoption and dissemination of software bills of materials (sboms)","2023.0","2023 IEEE International …","ieeexplore.ieee.org","https://ieeexplore.ieee.org/abstract/document/10305922/","https://scholar.google.com/scholar?cites=13788715251413172295&as_sdt=2005&sciodt=2007&hl=en","319","2026-05-16 00:46:44","","","","","","","","","26","8.67","9","3","3.0","… As it pertains software supply chain security and the SBOM initiative, the process has been highly transparent and unusually accessible to all scholars. The meetings are online and …","https://homes.luddy.indiana.edu/nensmeng/files/Chaora2023-tg.pdf","https://scholar.google.com/scholar?q=related:R0B-JXdbW78J:scholar.google.com/&scioq=%22software+supply+chain+security%22%7C%22supply+chain+attacks%22+%22sbom%22%7C%22spdx%22%7C%22cyclonedx%22&hl=en&as_sdt=2007&as_ylo=2020&as_yhi=2025","4","Q04","discourse, challenges, and prospects around the adoption and dissemination of software bills of materials (sboms)","INCLUDE","Title specific term","1.0","1.0","0.5","1.0","0.5","4.0","INCLUDE"
"72","M Balliu, B Baudry, S Bobadilla, M Ekstedt…","Challenges of producing software bill of materials for java","2023.0","IEEE Security & …","ieeexplore.ieee.org","https://ieeexplore.ieee.org/abstract/document/10235318/","https://scholar.google.com/scholar?cites=12880288929904196046&as_sdt=2005&sciodt=2007&hl=en","324","2026-05-16 00:46:44","","","","","","","","","72","24.0","14","5","3.0","… Step 2 in Figure 1 is “SBOM Production,” where we run each SBOM producer on each … are not included in the deployed software, they are relevant in the context of supply chain attacks. …","https://arxiv.org/pdf/2303.11102","https://scholar.google.com/scholar?q=related:zvlV_4n6v7IJ:scholar.google.com/&scioq=%22software+supply+chain+security%22%7C%22supply+chain+attacks%22+%22sbom%22%7C%22spdx%22%7C%22cyclonedx%22&hl=en&as_sdt=2007&as_ylo=2020&as_yhi=2025","4","Q04","challenges of producing software bill of materials for java","INCLUDE","Title specific term","1.0","1.0","0.5","1.0","0.5","4.0","INCLUDE"
"27","A Mittal","AI-Augmented DevSecOps Pipelines for Secure and Scalable Service-Oriented Architectures in Cloud-Native Systems","2025.0","2025 IEEE International Conference on Service …","ieeexplore.ieee.org","https://ieeexplore.ieee.org/abstract/document/11126136/","https://scholar.google.com/scholar?cites=17051931287889989707&as_sdt=2005&sciodt=2007&hl=en","180","2026-05-16 00:45:46","","","","","","","","","27","27.0","27","1","1.0","Cloud-native architectures face escalating security challenges that traditional approaches cannot address at scale. This paper presents an AI-augmented DevSecOps framework …","https://ieeexplore.ieee.org/iel8/11126042/11126120/11126136.pdf","https://scholar.google.com/scholar?q=related:S1ANTSmhpOwJ:scholar.google.com/&scioq=%22software+supply+chain+security%22%7C%22supply+chain+attacks%22+%22policy+enforcement%22%7C%22kyverno%22%7C%22opa+gatekeeper%22&hl=en&as_sdt=2007&as_ylo=2020&as_yhi=2025","5","Q05","ai-augmented devsecops pipelines for secure and scalable service-oriented architectures in cloud-native systems","INCLUDE","Title specific term","1.0","1.0","1.0","1.0","0.5","4.5","INCLUDE"
"25","RC Thota","Cloud-native DevSecOps: integrating security automation into CI/CD pipelines","2024.0","International Journal Of Innovative Research And …","researchgate.net","https://www.researchgate.net/profile/Ravi-Chandra-Thota-2/publication/389822008_Cloud-Native_DevSecOps_Integrating_Security_Automation_into_CICD_Pipelines/links/67d3a6bce62c604a0dd901a8/Cloud-Native-DevSecOps-Integrating-Security-Automation-into-CI-CD-Pipelines.pdf","https://scholar.google.com/scholar?cites=1069201679280007958&as_sdt=2005&sciodt=2007&hl=en","361","2026-05-16 00:45:46","PDF","","","","","","","","25","12.5","25","1","2.0","… Cybercriminals have evolved in sophistication and are using supply chain attacks more commonly by inserting malicious code into software dependencies before deployment. Attackers …","https://www.researchgate.net/profile/Ravi-Chandra-Thota-2/publication/389822008_Cloud-Native_DevSecOps_Integrating_Security_Automation_into_CICD_Pipelines/links/67d3a6bce62c604a0dd901a8/Cloud-Native-DevSecOps-Integrating-Security-Automation-into-CI-CD-Pipelines.pdf","https://scholar.google.com/scholar?q=related:Fmu8LkOR1g4J:scholar.google.com/&scioq=%22software+supply+chain+security%22%7C%22supply+chain+attacks%22+%22policy+enforcement%22%7C%22kyverno%22%7C%22opa+gatekeeper%22&hl=en&as_sdt=2007&as_ylo=2020&as_yhi=2025","5","Q05","cloud-native devsecops: integrating security automation into ci/cd pipelines","INCLUDE","Title specific term","1.0","0.5","0.5","1.0","0.5","3.5","INCLUDE"
"33","R Chandramouli","Implementation of devsecops for a microservices-based application with service mesh","2022.0","NIST Special Publication","csrc.nist.rip","https://csrc.nist.rip/external/nvlpubs.nist.gov/nistpubs/SpecialPublications/NIST.SP.800-204C.pdf","https://scholar.google.com/scholar?cites=13647280992005085616&as_sdt=2005&sciodt=2007&hl=en","14","2026-05-16 00:44:33","PDF","","","","","","","","33","8.25","33","1","4.0","… • The Centers for Medicare and Medicaid Services (CMS) is adopting a DevSecOps approach where one emphasis is on laying the groundwork for the software bill of materials (SBOM) …","https://csrc.nist.rip/external/nvlpubs.nist.gov/nistpubs/SpecialPublications/NIST.SP.800-204C.pdf","https://scholar.google.com/scholar?q=related:sFlnfsHhZL0J:scholar.google.com/&scioq=%22kubernetes+security%22%7C%22kubernetes+admission+control%22+%22sbom%22%7C%22cyclonedx%22%7C%22spdx%22&hl=en&as_sdt=2007&as_ylo=2020&as_yhi=2025","8","Q08","implementation of devsecops for a microservices-based application with service mesh","INCLUDE","Title specific term","1.0","0.5","0.5","1.0","0.5","3.5","INCLUDE"
"1","S Kalafatidis, G Kitsos…","C-Shield: A Holistic Solution for Secure End-to-End Kubernetes Multi-Cluster Management and Online Threat Mitigation using LLMs","2025.0","2025 IEEE International …","ieeexplore.ieee.org","https://ieeexplore.ieee.org/abstract/document/11130174/","https://scholar.google.com/scholar?cites=1990571668891744662&as_sdt=2005&sciodt=2007&hl=en","133","2026-05-16 00:43:55","","","","","","","","","1","1.0","0","3","1.0","… through frameworks like OPA Gatekeeper, which enforce Kubernetes security policies at … Although these approaches address important aspects of multi-cluster Kubernetes security, …","https://www.researchgate.net/profile/Sarantis-Kalafatidis/publication/394983177_C-Shield_A_Holistic_Solution_for_Secure_End-to-End_Kubernetes_Multi-Cluster_Management_and_Online_Threat_Mitigation_using_LLMs/links/68c3c9ab508ac7086f58ad11/C-Shield-A-Holistic-Solution-for-Secure-End-to-End-Kubernetes-Multi-Cluster-Management-and-Online-Threat-Mitigation-using-LLMs.pdf","https://scholar.google.com/scholar?q=related:lrk_6GLunxsJ:scholar.google.com/&scioq=%22kubernetes+security%22%7C%22kubernetes+admission+control%22+%22kyverno%22%7C%22opa+gatekeeper%22%7C%22policy+enforcement%22&hl=en&as_sdt=2007&as_ylo=2020&as_yhi=2025","10","Q10","c-shield: a holistic solution for secure end-to-end kubernetes multi-cluster management and online threat mitigation using llms","INCLUDE","Title: sec+cloud pair","1.0","1.0","1.0","0.0","0.5","3.5","INCLUDE"
"29","D Patel","Zero Trust and DevSecOps in Cloud-Native Environments with Security Frameworks and Best Practices","2023.0","Int. J. Adv. Res. Sci. Commun. Technol","researchgate.net","https://www.researchgate.net/profile/Dhruv-Patel-225/publication/392746768_Zero_Trust_and_DevSecOps_in_Cloud-Native_Environments_with_Security_Frameworks_and_Best_Practices/links/689ae15af6a7da258b92ab6d/Zero-Trust-and-DevSecOps-in-Cloud-Native-Environments-with-Security-Frameworks-and-Best-Practices.pdf","https://scholar.google.com/scholar?cites=921090601683837928&as_sdt=2005&sciodt=2007&hl=en","237","2026-05-16 00:43:55","PDF","","","","","","","","29","9.67","29","1","3.0","… ongoing authentication, and dynamic policy enforcement across the DevSecOps pipeline to … Using best practices for Kubernetes security, such as restricting privilege escalation, using …","https://www.researchgate.net/profile/Dhruv-Patel-225/publication/392746768_Zero_Trust_and_DevSecOps_in_Cloud-Native_Environments_with_Security_Frameworks_and_Best_Practices/links/689ae15af6a7da258b92ab6d/Zero-Trust-and-DevSecOps-in-Cloud-Native-Environments-with-Security-Frameworks-and-Best-Practices.pdf","https://scholar.google.com/scholar?q=related:6ONQpwVfyAwJ:scholar.google.com/&scioq=%22kubernetes+security%22%7C%22kubernetes+admission+control%22+%22kyverno%22%7C%22opa+gatekeeper%22%7C%22policy+enforcement%22&hl=en&as_sdt=2007&as_ylo=2020&as_yhi=2025","10","Q10","zero trust and devsecops in cloud-native environments with security frameworks and best practices","INCLUDE","Title specific term","1.0","0.5","1.0","1.0","0.5","4.0","INCLUDE"
"62","B Singh","Automating Security Testing in CI/CD Pipelines using DevSecOps Tools a Comprehensive Study","2025.0","CD Pipelines using DevSecOps Tools a …","academia.edu","https://www.academia.edu/download/122922388/Title_9_dec_2020.pdf","https://scholar.google.com/scholar?cites=2397449263801063758&as_sdt=2005&sciodt=2007&hl=en","241","2026-05-16 00:43:55","PDF","","","","","","","","62","62.0","62","1","1.0","… Emphasis is placed on automation, realtime feedback, policy enforcement, and seamless … Tools that support containerized environments, such as Kubernetes security tools and …","https://www.academia.edu/download/122922388/Title_9_dec_2020.pdf","https://scholar.google.com/scholar?q=related:TlniN2dzRSEJ:scholar.google.com/&scioq=%22kubernetes+security%22%7C%22kubernetes+admission+control%22+%22kyverno%22%7C%22opa+gatekeeper%22%7C%22policy+enforcement%22&hl=en&as_sdt=2007&as_ylo=2020&as_yhi=2025","10","Q10","automating security testing in ci/cd pipelines using devsecops tools a comprehensive study","INCLUDE","Title specific term","1.0","0.5","0.5","1.0","0.5","3.5","INCLUDE"
"22","S Ugale, A Potgantwar","Container security in cloud environments: A comprehensive analysis and future directions for devsecops","2023.0","Engineering Proceedings","mdpi.com","https://www.mdpi.com/2673-4591/59/1/57","https://scholar.google.com/scholar?cites=5718147148395981788&as_sdt=2005&sciodt=2007&hl=en","276","2026-05-16 00:43:55","HTML","","","","","","","","22","7.33","11","2","3.0","… and deployment; and compliance and policy enforcement, whereby some scanning tools offer … Xi commandments of Kubernetes Security: A systematization of knowledge related to …","https://www.mdpi.com/2673-4591/59/1/57","https://scholar.google.com/scholar?q=related:3CuOEYnwWk8J:scholar.google.com/&scioq=%22kubernetes+security%22%7C%22kubernetes+admission+control%22+%22kyverno%22%7C%22opa+gatekeeper%22%7C%22policy+enforcement%22&hl=en&as_sdt=2007&as_ylo=2020&as_yhi=2025","10","Q10","container security in cloud environments: a comprehensive analysis and future directions for devsecops","INCLUDE","Title specific term","1.0","0.5","0.5","1.0","0.5","3.5","INCLUDE"
"12","R Nadipalli","Cloud-Native DevSecOps: A Framework for Secure Continuous Delivery","2023.0","International Journal of Computing and Engineering","ideas.repec.org","https://ideas.repec.org/a/bhx/ojijce/v3y2023i2p1-9id3104.html","https://scholar.google.com/scholar?cites=13123617068863289642&as_sdt=2005&sciodt=2007&hl=en","346","2026-05-16 00:43:55","","","","","","","","","12","4.0","12","1","3.0","… I explore key tools and practices that enable policy enforcement and threat detection without hindering development velocity. A case study on Kubernetes with GitOps highlights …","","https://scholar.google.com/scholar?q=related:KnnZNTF0ILYJ:scholar.google.com/&scioq=%22kubernetes+security%22%7C%22kubernetes+admission+control%22+%22kyverno%22%7C%22opa+gatekeeper%22%7C%22policy+enforcement%22&hl=en&as_sdt=2007&as_ylo=2020&as_yhi=2025","10","Q10","cloud-native devsecops: a framework for secure continuous delivery","INCLUDE","Title specific term","1.0","0.5","1.0","0.5","0.5","3.5","INCLUDE"
"20","N Yang, W Shen, J Li, X Liu, X Guo, J Ma","Take over the whole cluster: Attacking kubernetes via excessive permissions of third-party applications","2023.0","Proceedings of the 2023 ACM …","dl.acm.org","https://dl.acm.org/doi/abs/10.1145/3576915.3623121","https://scholar.google.com/scholar?cites=14390003232470009845&as_sdt=2005&sciodt=2007&hl=en","53","2026-05-16 00:43:36","","10.1145/3576915.3623121","","","","","","","20","6.67","3","6","3.0","… OCM7 is a CNCF sandbox project which focuses on multi-cluster and multi-cloud scenarios … In this section, we present the studies that are related to Kubernetes security and container …","https://dl.acm.org/doi/pdf/10.1145/3576915.3623121","https://scholar.google.com/scholar?q=related:9QcZzLKPs8cJ:scholar.google.com/&scioq=%22kubernetes+security%22%7C%22kubernetes+admission+control%22+%22multi+cloud%22&hl=en&as_sdt=2007&as_ylo=2020&as_yhi=2025","11","Q11","take over the whole cluster: attacking kubernetes via excessive permissions of third-party applications","INCLUDE","Title: sec+cloud pair","1.0","1.0","0.5","1.0","0.5","4.0","INCLUDE"
"18","F Binbeshr, M Imam","Comparative analysis of AI-driven security approaches in DevSecOps: Challenges, solutions, and future directions","2025.0","Proceedings of the 2025 29th International …","dl.acm.org","https://dl.acm.org/doi/abs/10.1145/3727967.3756841","https://scholar.google.com/scholar?cites=13752900615071634060&as_sdt=2005&sciodt=2007&hl=en","102","2026-05-16 00:43:36","","10.1145/3727967.3756841","","","","","","","18","18.0","9","2","1.0","… &Multi-Cloud Security category includes AI techniques designed for securing cloud-based applications and multi-cloud … For instance, µDetector (S6) enhances Kubernetes security …","https://dl.acm.org/doi/full/10.1145/3727967.3756841","https://scholar.google.com/scholar?q=related:jJKYUD4e3L4J:scholar.google.com/&scioq=%22kubernetes+security%22%7C%22kubernetes+admission+control%22+%22multi+cloud%22&hl=en&as_sdt=2007&as_ylo=2020&as_yhi=2025","11","Q11","comparative analysis of ai-driven security approaches in devsecops: challenges, solutions, and future directions","INCLUDE","Title specific term","1.0","1.0","0.5","0.5","0.5","3.5","INCLUDE"
"20","JK Shah","AI-driven resilience in cloud-native big data platforms against cyberattacks","2022.0","Journal of Computer Science and Technology …","al-kindipublishers.org","https://al-kindipublishers.org/index.php/jcsts/article/view/10019","https://scholar.google.com/scholar?cites=12409347236820194483&as_sdt=2005&sciodt=2007&hl=en","134","2026-05-16 00:43:36","","","","","","","","","20","5.0","20","1","4.0","… like Kubernetes and technologies like Helm, Docker, and serverless computing, developers can deploy applications that scale automatically and integrate across multi-cloud and hybrid …","https://al-kindipublishers.org/index.php/jcsts/article/download/10019/8712","https://scholar.google.com/scholar?q=related:s5QkeZDbNqwJ:scholar.google.com/&scioq=%22kubernetes+security%22%7C%22kubernetes+admission+control%22+%22multi+cloud%22&hl=en&as_sdt=2007&as_ylo=2020&as_yhi=2025","11","Q11","ai-driven resilience in cloud-native big data platforms against cyberattacks","INCLUDE","Title: sec+cloud pair","1.0","0.5","0.5","1.0","0.5","3.5","INCLUDE"
"70","P Raj, S Vanga, A Chaudhary","Cloud-Native Computing: How to design, develop, and secure microservices and event-driven applications","2022.0","","books.google.com","https://books.google.com/books?hl=en&lr=&id=jhWMEAAAQBAJ&oi=fnd&pg=PR11&dq=%22kubernetes+security%22%7C%22kubernetes+admission+control%22+%22multi+cloud%22&ots=WA61B4II1N&sig=t7Q2uebszDlIlnVTEhoSWwtVp3w","https://scholar.google.com/scholar?cites=16135115161707994612&as_sdt=2005&sciodt=2007&hl=en","159","2026-05-16 00:43:36","BOOK","","","","","","","","70","17.5","23","3","4.0","… for Container Orchestration Platform Solutions 51 The Significance of Kubernetes for Cloud-Native Systems 52 Kubernetes for Edge Cloud Environments 53 Kubernetes for Multi-Cloud …","","https://scholar.google.com/scholar?q=related:9N2fh8Bx698J:scholar.google.com/&scioq=%22kubernetes+security%22%7C%22kubernetes+admission+control%22+%22multi+cloud%22&hl=en&as_sdt=2007&as_ylo=2020&as_yhi=2025","11","Q11","cloud-native computing: how to design, develop, and secure microservices and event-driven applications","INCLUDE","Title: sec+cloud pair","1.0","0.5","0.5","1.0","0.5","3.5","INCLUDE"
"20","P Nutalapati","Secure Container Orchestration in Cloud Environments","2020.0","European Journal of Advances in Engineering and …","researchgate.net","https://www.researchgate.net/profile/Pavan-Nutalapati/publication/386051604_Secure_Container_Orchestration_in_Cloud_Environments/links/67414b5427661f7ae66559f1/Secure-Container-Orchestration-in-Cloud-Environments.pdf","https://scholar.google.com/scholar?cites=7082025252625757051&as_sdt=2005&sciodt=2007&hl=en","235","2026-05-16 00:43:36","PDF","","","","","","","","20","3.33","20","1","6.0","… Defining roles and permissions using the least privilege principle is challenging, especially in public and multi cloud environments. Another orchestration tool called ‘cloud infrastructure …","https://www.researchgate.net/profile/Pavan-Nutalapati/publication/386051604_Secure_Container_Orchestration_in_Cloud_Environments/links/67414b5427661f7ae66559f1/Secure-Container-Orchestration-in-Cloud-Environments.pdf","https://scholar.google.com/scholar?q=related:e7Ma8XFoSGIJ:scholar.google.com/&scioq=%22kubernetes+security%22%7C%22kubernetes+admission+control%22+%22multi+cloud%22&hl=en&as_sdt=2007&as_ylo=2020&as_yhi=2025","11","Q11","secure container orchestration in cloud environments","INCLUDE","Title: sec+cloud pair","1.0","0.5","0.5","1.0","0.5","3.5","INCLUDE"
"10","P Bavadiya","A Framework for Resilient Devops Automation in Multi-Cloud KubernetesEcosystems","2021.0","Journal of Informatics Education and Research","researchgate.net","https://www.researchgate.net/profile/Pathik-Bavadiya-2/publication/395882849_A_Framework_for_Resilient_Devops_Automation_in_Multi-Cloud_Kubernetes_Ecosystems/links/68d6ad85220a341aa14f5c59/A-Framework-for-Resilient-Devops-Automation-in-Multi-Cloud-Kubernetes-Ecosystems.pdf","https://scholar.google.com/scholar?cites=3638773153390497388&as_sdt=2005&sciodt=2007&hl=en","15","2026-05-16 00:25:03","PDF","","","","","","","","10","2.0","10","1","5.0","… This research proposes a comprehensive DevOps automation framework for multi-cloud Kubernetes settings that focuses on resilience. The methodology addresses significant gaps in …","https://www.researchgate.net/profile/Pathik-Bavadiya-2/publication/395882849_A_Framework_for_Resilient_Devops_Automation_in_Multi-Cloud_Kubernetes_Ecosystems/links/68d6ad85220a341aa14f5c59/A-Framework-for-Resilient-Devops-Automation-in-Multi-Cloud-Kubernetes-Ecosystems.pdf","https://scholar.google.com/scholar?q=related:bI4RaueEfzIJ:scholar.google.com/&scioq=%22multi+cloud+kubernetes%22+%22security%22%7C%22supply+chain%22&hl=en&as_sdt=2007&as_ylo=2020&as_yhi=2025","14","Q14","a framework for resilient devops automation in multi-cloud kubernetesecosystems","INCLUDE","Title specific term","1.0","0.5","1.0","0.5","0.5","3.5","INCLUDE"
"4","M Tamanna, S Hamer, M Tran, S Fahl, Y Acar…","Analyzing Challenges in Deployment of the SLSA Framework for Software Supply Chain Security","2024.0","arXiv preprint arXiv …","arxiv.org","https://arxiv.org/abs/2409.05014","https://scholar.google.com/scholar?cites=13429983472775566522&as_sdt=2005&sciodt=2007&hl=en","12","2026-05-16 00:47:28","","","","","","","","","4","2.0","1","6","2.0","… in generating and managing SLSA provenance 1 by using GitHub actions… SLSA provenance as part of its build and deployment processes [19]. SLSA provenance is based on the in-toto …","https://arxiv.org/pdf/2409.05014","https://scholar.google.com/scholar?q=related:upQnOtDiYLoJ:scholar.google.com/&scioq=%22software+supply+chain+security%22%7C%22supply+chain+attacks%22+%22provenance+verification%22%7C%22slsa+provenance%22%7C%22in+toto%22&hl=en&as_sdt=2007&as_ylo=2020&as_yhi=2025","3","Q03","analyzing challenges in deployment of the slsa framework for software supply chain security","INCLUDE","Title specific term","1.0","0.5","1.0","0.0","0.5","3.0","INCLUDE (forced: dissertation ref)"
"2","T Mohomed, I Ekanayake","ARGO-SLSA: Software Supply Chain Security in Argo Workflows","2025.0","2025 Moratuwa Engineering …","ieeexplore.ieee.org","https://ieeexplore.ieee.org/abstract/document/11217128/","https://scholar.google.com/scholar?cites=3321646004172367863&as_sdt=2005&sciodt=2007&hl=en","24","2026-05-16 00:47:36","","","","","","","","","2","2.0","1","2","1.0","… party tools to meet software supply chain security standards. This … Cryptographic signing and provenance attestations for the … surpasses existing software supply chain security solutions. …","https://arxiv.org/pdf/2503.20079","https://scholar.google.com/scholar?q=related:9ydKJHHbGC4J:scholar.google.com/&scioq=%22software+supply+chain+security%22%7C%22supply+chain+attacks%22+%22cryptographic+signing%22%7C%22container+image+signing%22%7C%22sigstore+cosign%22&hl=en&as_sdt=2007&as_ylo=2020&as_yhi=2025","2","Q02","argo-slsa: software supply chain security in argo workflows","INCLUDE","Title specific term","1.0","1.0","0.5","0.0","0.5","3.0","INCLUDE (forced: dissertation ref)"
